code,name,alternativeNames,lat,lon,department,municipality,dept_code
05001,MEDELLÍN - ANTIOQUIA,NA,6.25644386238998,-75.61172523487957,ANTIOQUIA,MEDELLÍN,05
05002,ABEJORRAL - ANTIOQUIA,NA,5.781750987735575,-75.44998179687462,ANTIOQUIA,ABEJORRAL,05
05004,ABRIAQUÍ - ANTIOQUIA,NA,6.6307606235522005,-76.07456705466305,ANTIOQUIA,ABRIAQUÍ,05
05021,ALEJANDRÍA - ANTIOQUIA,NA,6.37447380153,-75.1430974124,ANTIOQUIA,ALEJANDRÍA,05
05030,AMAGÁ - ANTIOQUIA,NA,6.035593000565278,-75.70559396488028,ANTIOQUIA,AMAGÁ,05
05031,AMALFI - ANTIOQUIA,NA,6.854391440820001,-74.9999255802,ANTIOQUIA,AMALFI,05
05034,ANDES - ANTIOQUIA,NA,5.65068928446375,-75.9049662342875,ANTIOQUIA,ANDES,05
05036,ANGELÓPOLIS - ANTIOQUIA,NA,6.1186823632572,-75.71418374183905,ANTIOQUIA,ANGELÓPOLIS,05
05038,ANGOSTURA - ANTIOQUIA,NA,6.850507309955001,-75.40879155305001,ANTIOQUIA,ANGOSTURA,05
05040,ANORÍ - ANTIOQUIA,NA,7.174011060803333,-75.11514103361667,ANTIOQUIA,ANORÍ,05
05042,SANTA FÉ DE ANTIOQUIA - ANTIOQUIA,NA,6.530596582506867,-75.8983839312315,ANTIOQUIA,SANTA FÉ DE ANTIOQUIA,05
05044,ANZÁ - ANTIOQUIA,NA,6.2986288009125,-75.911240837625,ANTIOQUIA,ANZÁ,05
05045,APARTADÓ - ANTIOQUIA,NA,7.859746595312367,-76.63625006589545,ANTIOQUIA,APARTADÓ,05
05051,ARBOLETES - ANTIOQUIA,NA,8.619314299457777,-76.41013293218889,ANTIOQUIA,ARBOLETES,05
05055,ARGELIA - ANTIOQUIA,NA,5.73036774762,-75.1391944342,ANTIOQUIA,ARGELIA,05
05059,ARMENIA - ANTIOQUIA,NA,6.15859994656,-75.80464680026,ANTIOQUIA,ARMENIA,05
05079,BARBOSA - ANTIOQUIA,NA,6.440408530732862,-75.33473617710702,ANTIOQUIA,BARBOSA,05
05086,BELMIRA - ANTIOQUIA,NA,6.6564093002797335,-75.64476474115996,ANTIOQUIA,BELMIRA,05
05088,BELLO - ANTIOQUIA,NA,6.3367088989451,-75.5712572743149,ANTIOQUIA,BELLO,05
05091,BETANIA - ANTIOQUIA,NA,5.7385473755300005,-75.98386683165,ANTIOQUIA,BETANIA,05
05093,BETULIA - ANTIOQUIA,NA,6.16487861867,-75.9680850282,ANTIOQUIA,BETULIA,05
05101,CIUDAD BOLÍVAR - ANTIOQUIA,NA,5.83477897260234,-76.00774601568152,ANTIOQUIA,CIUDAD BOLÍVAR,05
05107,BRICEÑO - ANTIOQUIA,NA,7.12802250580428,-75.55103802629078,ANTIOQUIA,BRICEÑO,05
05113,BURITICÁ - ANTIOQUIA,NA,6.796253257472343,-75.91185646750476,ANTIOQUIA,BURITICÁ,05
05120,CÁCERES - ANTIOQUIA,NA,7.74114318286015,-75.2596555065302,ANTIOQUIA,CÁCERES,05
05125,CAICEDO - ANTIOQUIA,NA,6.40578758966,-75.984153352,ANTIOQUIA,CAICEDO,05
05129,CALDAS - ANTIOQUIA,NA,6.074271646407493,-75.6331574269795,ANTIOQUIA,CALDAS,05
05134,CAMPAMENTO - ANTIOQUIA,NA,7.023992017075,-75.2908582008,ANTIOQUIA,CAMPAMENTO,05
05138,CAÑASGORDAS - ANTIOQUIA,NA,6.820652926997633,-76.03645110818533,ANTIOQUIA,CAÑASGORDAS,05
05142,CARACOLÍ - ANTIOQUIA,NA,6.4025092280200004,-74.7592025032,ANTIOQUIA,CARACOLÍ,05
05145,CARAMANTA - ANTIOQUIA,NA,5.559989707793333,-75.6207881137,ANTIOQUIA,CARAMANTA,05
05147,CAREPA - ANTIOQUIA,NA,7.794659796917236,-76.674388356408,ANTIOQUIA,CAREPA,05
05148,EL CARMEN DE VIBORAL - ANTIOQUIA,NA,6.02067426486618,-75.2904727197341,ANTIOQUIA,EL CARMEN DE VIBORAL,05
05150,CAROLINA - ANTIOQUIA,NA,6.72599435248,-75.2835999381,ANTIOQUIA,CAROLINA,05
05154,CAUCASIA - ANTIOQUIA,NA,7.923970471681275,-75.04931020690601,ANTIOQUIA,CAUCASIA,05
05172,CHIGORODÓ - ANTIOQUIA,NA,7.626679890345633,-76.65722833488776,ANTIOQUIA,CHIGORODÓ,05
05190,CISNEROS - ANTIOQUIA,NA,6.53887519896,-75.0862390602,ANTIOQUIA,CISNEROS,05
05197,COCORNÁ - ANTIOQUIA,NA,6.031244777615833,-75.17183530485693,ANTIOQUIA,COCORNÁ,05
05206,CONCEPCIÓN - ANTIOQUIA,NA,6.39397607889,-75.256527061,ANTIOQUIA,CONCEPCIÓN,05
05209,CONCORDIA - ANTIOQUIA,NA,6.0651443420425,-75.90482410785,ANTIOQUIA,CONCORDIA,05
05212,COPACABANA - ANTIOQUIA,NA,6.354491008468228,-75.5012670634754,ANTIOQUIA,COPACABANA,05
05234,DABEIBA - ANTIOQUIA,NA,6.992614308914933,-76.23934341334738,ANTIOQUIA,DABEIBA,05
05237,DONMATÍAS - ANTIOQUIA,NA,6.5084947277607,-75.35611982961306,ANTIOQUIA,DONMATÍAS,05
05240,EBÉJICO - ANTIOQUIA,NA,6.323404552276717,-75.77230812752381,ANTIOQUIA,EBÉJICO,05
05250,EL BAGRE - ANTIOQUIA,NA,7.658303938135234,-74.70454372065477,ANTIOQUIA,EL BAGRE,05
05264,ENTRERRÍOS - ANTIOQUIA,NA,6.56665004926,-75.5171548466,ANTIOQUIA,ENTRERRÍOS,05
05266,ENVIGADO - ANTIOQUIA,NA,6.154903769219,-75.54793342274017,ANTIOQUIA,ENVIGADO,05
05282,FREDONIA - ANTIOQUIA,NA,5.909633533546667,-75.68967935983333,ANTIOQUIA,FREDONIA,05
05284,FRONTINO - ANTIOQUIA,NA,6.7276393556242855,-76.29544357394286,ANTIOQUIA,FRONTINO,05
05306,GIRALDO - ANTIOQUIA,NA,6.686279477659999,-75.9490821979,ANTIOQUIA,GIRALDO,05
05308,GIRARDOTA - ANTIOQUIA,NA,6.380388896560283,-75.447665398873,ANTIOQUIA,GIRARDOTA,05
05310,GÓMEZ PLATA - ANTIOQUIA,NA,6.7415837683925,-75.198097733,ANTIOQUIA,GÓMEZ PLATA,05
05313,GRANADA - ANTIOQUIA,NA,6.11329709128,-75.1391471475,ANTIOQUIA,GRANADA,05
05315,GUADALUPE - ANTIOQUIA,NA,6.83617491977016,-75.22112383699152,ANTIOQUIA,GUADALUPE,05
05318,GUARNE - ANTIOQUIA,NA,6.2707429182688665,-75.43823603949286,ANTIOQUIA,GUARNE,05
05321,GUATAPÉ - ANTIOQUIA,NA,6.23905532892545,-75.15707318714595,ANTIOQUIA,GUATAPÉ,05
05347,HELICONIA - ANTIOQUIA,NA,6.20327633979924,-75.7410816989168,ANTIOQUIA,HELICONIA,05
05353,HISPANIA - ANTIOQUIA,NA,5.7988794992,-75.9049374881,ANTIOQUIA,HISPANIA,05
05360,ITAGÜÍ - ANTIOQUIA,NA,6.185948165564286,-75.61484700227143,ANTIOQUIA,ITAGÜÍ,05
05361,ITUANGO - ANTIOQUIA,NA,7.2417560130366665,-75.72219600148888,ANTIOQUIA,ITUANGO,05
05364,JARDÍN - ANTIOQUIA,NA,5.581217094925449,-75.81966683961944,ANTIOQUIA,JARDÍN,05
05368,JERICÓ - ANTIOQUIA,NA,5.777361497194467,-75.7714338383538,ANTIOQUIA,JERICÓ,05
05376,LA CEJA - ANTIOQUIA,NA,5.994925118227584,-75.43868015655677,ANTIOQUIA,LA CEJA,05
05380,LA ESTRELLA - ANTIOQUIA,NA,6.141141339506364,-75.6480190944091,ANTIOQUIA,LA ESTRELLA,05
05390,LA PINTADA - ANTIOQUIA,NA,5.7428589911584,-75.6042101871922,ANTIOQUIA,LA PINTADA,05
05400,LA UNIÓN - ANTIOQUIA,NA,5.946679607086667,-75.34838490746667,ANTIOQUIA,LA UNIÓN,05
05411,LIBORINA - ANTIOQUIA,NA,6.724604536374022,-75.7830247777198,ANTIOQUIA,LIBORINA,05
05425,MACEO - ANTIOQUIA,NA,6.531542670255,-74.74372618595,ANTIOQUIA,MACEO,05
05440,MARINILLA - ANTIOQUIA,NA,6.1735481398,-75.3380784357,ANTIOQUIA,MARINILLA,05
05467,MONTEBELLO - ANTIOQUIA,NA,5.931163028946,-75.53266666056,ANTIOQUIA,MONTEBELLO,05
05475,MURINDÓ - ANTIOQUIA,NA,6.86150827142384,-76.78506661515152,ANTIOQUIA,MURINDÓ,05
05480,MUTATÁ - ANTIOQUIA,NA,7.319088829090163,-76.49775801172746,ANTIOQUIA,MUTATÁ,05
05483,NARIÑO - ANTIOQUIA,NA,5.566215172905,-75.1841109242,ANTIOQUIA,NARIÑO,05
05490,NECOCLÍ - ANTIOQUIA,NA,8.489737480971067,-76.68743453264528,ANTIOQUIA,NECOCLÍ,05
05495,NECHÍ - ANTIOQUIA,NA,8.006477879383333,-74.80775041648333,ANTIOQUIA,NECHÍ,05
05501,OLAYA - ANTIOQUIA,NA,6.610771654637375,-75.78682926905515,ANTIOQUIA,OLAYA,05
05541,PEÑOL - ANTIOQUIA,NA,6.2216831826,-75.2123722544,ANTIOQUIA,PEÑOL,05
05543,PEQUE - ANTIOQUIA,NA,7.0141423042185,-75.8835761048532,ANTIOQUIA,PEQUE,05
05576,PUEBLORRICO - ANTIOQUIA,NA,5.79341608531,-75.8405778432,ANTIOQUIA,PUEBLORRICO,05
05579,PUERTO BERRÍO - ANTIOQUIA,NA,6.479982996118462,-74.52485906607693,ANTIOQUIA,PUERTO BERRÍO,05
05585,PUERTO NARE - ANTIOQUIA,NA,6.159916449028713,-74.66170340089955,ANTIOQUIA,PUERTO NARE,05
05591,PUERTO TRIUNFO - ANTIOQUIA,NA,5.95104441608498,-74.67463526788906,ANTIOQUIA,PUERTO TRIUNFO,05
05604,REMEDIOS - ANTIOQUIA,NA,7.003599675646644,-74.61084693444018,ANTIOQUIA,REMEDIOS,05
05607,RETIRO - ANTIOQUIA,NA,6.055771264210829,-75.51233078207206,ANTIOQUIA,RETIRO,05
05615,RIONEGRO - ANTIOQUIA,NA,6.150634085837836,-75.40950938420681,ANTIOQUIA,RIONEGRO,05
05628,SABANALARGA - ANTIOQUIA,NA,6.88252187112,-75.79520574836667,ANTIOQUIA,SABANALARGA,05
05631,SABANETA - ANTIOQUIA,NA,6.142306122329,-75.6116015602,ANTIOQUIA,SABANETA,05
05642,SALGAR - ANTIOQUIA,NA,5.968479235384,-75.95154684296,ANTIOQUIA,SALGAR,05
05647,SAN ANDRÉS DE CUERQUÍA - ANTIOQUIA,NA,6.92360963908,-75.6727731197,ANTIOQUIA,SAN ANDRÉS DE CUERQUÍA,05
05649,SAN CARLOS - ANTIOQUIA,NA,6.183570668448572,-74.9342100453,ANTIOQUIA,SAN CARLOS,05
05652,SAN FRANCISCO - ANTIOQUIA,NA,5.89194360648175,-75.00624695947594,ANTIOQUIA,SAN FRANCISCO,05
05656,SAN JERÓNIMO - ANTIOQUIA,NA,6.438958477231999,-75.70605968749999,ANTIOQUIA,SAN JERÓNIMO,05
05658,SAN JOSÉ DE LA MONTAÑA - ANTIOQUIA,NA,6.84974120672,-75.6840821906,ANTIOQUIA,SAN JOSÉ DE LA MONTAÑA,05
05659,SAN JUAN DE URABÁ - ANTIOQUIA,NA,8.716456546431667,-76.55865478876666,ANTIOQUIA,SAN JUAN DE URABÁ,05
05660,SAN LUIS - ANTIOQUIA,NA,6.0227513718837,-74.95707858707918,ANTIOQUIA,SAN LUIS,05
05664,SAN PEDRO DE LOS MILAGROS - ANTIOQUIA,NA,6.4276353165349995,-75.60328255235001,ANTIOQUIA,SAN PEDRO DE LOS MILAGROS,05
05665,SAN PEDRO DE URABÁ - ANTIOQUIA,NA,8.35814203939,-76.33085527464,ANTIOQUIA,SAN PEDRO DE URABÁ,05
05667,SAN RAFAEL - ANTIOQUIA,NA,6.3023481349723,-75.01342169119295,ANTIOQUIA,SAN RAFAEL,05
05670,SAN ROQUE - ANTIOQUIA,NA,6.4960764901375,-74.91892111760001,ANTIOQUIA,SAN ROQUE,05
05674,SAN VICENTE FERRER - ANTIOQUIA,NA,6.29544000737,-75.29375111045,ANTIOQUIA,SAN VICENTE FERRER,05
05679,SANTA BÁRBARA - ANTIOQUIA,NA,5.89215459237316,-75.57829479833507,ANTIOQUIA,SANTA BÁRBARA,05
05686,SANTA ROSA DE OSOS - ANTIOQUIA,NA,6.645834078433333,-75.41132746823334,ANTIOQUIA,SANTA ROSA DE OSOS,05
05690,SANTO DOMINGO - ANTIOQUIA,NA,6.528454717988,-75.17086267954001,ANTIOQUIA,SANTO DOMINGO,05
05697,EL SANTUARIO - ANTIOQUIA,NA,6.13596027701,-75.2613936054,ANTIOQUIA,EL SANTUARIO,05
05736,SEGOVIA - ANTIOQUIA,NA,7.2053265715325,-74.7868168560125,ANTIOQUIA,SEGOVIA,05
05756,SONSÓN - ANTIOQUIA,NA,5.7802901372880005,-75.02011229514,ANTIOQUIA,SONSÓN,05
05761,SOPETRÁN - ANTIOQUIA,NA,6.523089941061233,-75.76137509298233,ANTIOQUIA,SOPETRÁN,05
05789,TÁMESIS - ANTIOQUIA,NA,5.667486818703334,-75.69752370603334,ANTIOQUIA,TÁMESIS,05
05790,TARAZÁ - ANTIOQUIA,NA,7.521256332717143,-75.39937646101428,ANTIOQUIA,TARAZÁ,05
05792,TARSO - ANTIOQUIA,NA,5.869192190812466,-75.8267370510666,ANTIOQUIA,TARSO,05
05809,TITIRIBÍ - ANTIOQUIA,NA,6.06096931342625,-75.797728637825,ANTIOQUIA,TITIRIBÍ,05
05819,TOLEDO - ANTIOQUIA,NA,7.023831387381399,-75.69840411932822,ANTIOQUIA,TOLEDO,05
05837,TURBO - ANTIOQUIA,NA,8.084638132932954,-76.65009473326887,ANTIOQUIA,TURBO,05
05842,URAMITA - ANTIOQUIA,NA,6.8953449001836,-76.1424150561099,ANTIOQUIA,URAMITA,05
05847,URRAO - ANTIOQUIA,NA,6.363362440933333,-76.19920468847363,ANTIOQUIA,URRAO,05
05854,VALDIVIA - ANTIOQUIA,NA,7.2660596295402,-75.3859555785958,ANTIOQUIA,VALDIVIA,05
05856,VALPARAÍSO - ANTIOQUIA,NA,5.61469852347,-75.6247151951,ANTIOQUIA,VALPARAÍSO,05
05858,VEGACHÍ - ANTIOQUIA,NA,6.8210407345269335,-74.78184666321224,ANTIOQUIA,VEGACHÍ,05
05861,VENECIA - ANTIOQUIA,NA,5.959857619861666,-75.7808028681711,ANTIOQUIA,VENECIA,05
05873,VIGÍA DEL FUERTE - ANTIOQUIA,NA,6.4803217578384285,-76.76436637242793,ANTIOQUIA,VIGÍA DEL FUERTE,05
05885,YALÍ - ANTIOQUIA,NA,6.69256514235615,-74.79841652298126,ANTIOQUIA,YALÍ,05
05887,YARUMAL - ANTIOQUIA,NA,7.02620896,-75.436411384175,ANTIOQUIA,YARUMAL,05
05890,YOLOMBÓ - ANTIOQUIA,NA,6.630793746834975,-74.95671744756393,ANTIOQUIA,YOLOMBÓ,05
05893,YONDÓ - ANTIOQUIA,NA,6.9440751041176645,-74.12382382147335,ANTIOQUIA,YONDÓ,05
05895,ZARAGOZA - ANTIOQUIA,NA,7.5195080149775,-74.907826296275,ANTIOQUIA,ZARAGOZA,05
08001,BARRANQUILLA - ATLÁNTICO,NA,10.9796493947,-74.8187880943,ATLÁNTICO,BARRANQUILLA,08
08078,BARANOA - ATLÁNTICO,NA,10.7933838356,-74.93143892095,ATLÁNTICO,BARANOA,08
08137,CAMPO DE LA CRUZ - ATLÁNTICO,NA,10.419721827,-74.8575816364,ATLÁNTICO,CAMPO DE LA CRUZ,08
08141,CANDELARIA - ATLÁNTICO,NA,10.471880681066667,-74.8900389846,ATLÁNTICO,CANDELARIA,08
08296,GALAPA - ATLÁNTICO,NA,10.8899978122,-74.90672785014999,ATLÁNTICO,GALAPA,08
08372,JUAN DE ACOSTA - ATLÁNTICO,NA,10.831835972966667,-75.08963565971666,ATLÁNTICO,JUAN DE ACOSTA,08
08421,LURUACO - ATLÁNTICO,NA,10.62482175764,-75.17030193476,ATLÁNTICO,LURUACO,08
08433,MALAMBO - ATLÁNTICO,NA,10.842085388975,-74.82239514004999,ATLÁNTICO,MALAMBO,08
08436,MANATÍ - ATLÁNTICO,NA,10.4370862167364,-75.00570120004663,ATLÁNTICO,MANATÍ,08
08520,PALMAR DE VARELA - ATLÁNTICO,NA,10.707195093300001,-74.7879810182,ATLÁNTICO,PALMAR DE VARELA,08
08549,PIOJÓ - ATLÁNTICO,NA,10.73639528257712,-75.12054932442103,ATLÁNTICO,PIOJÓ,08
08558,POLONUEVO - ATLÁNTICO,NA,10.7941238948,-74.847010092,ATLÁNTICO,POLONUEVO,08
08560,PONEDERA - ATLÁNTICO,NA,10.596924959333332,-74.8024975996,ATLÁNTICO,PONEDERA,08
08573,PUERTO COLOMBIA - ATLÁNTICO,NA,11.0176722535,-74.93491909716667,ATLÁNTICO,PUERTO COLOMBIA,08
08606,REPELÓN - ATLÁNTICO,NA,10.4973113920656,-75.1387409272043,ATLÁNTICO,REPELÓN,08
08634,SABANAGRANDE - ATLÁNTICO,NA,10.7907678504,-74.7568486996,ATLÁNTICO,SABANAGRANDE,08
08638,SABANALARGA - ATLÁNTICO,NA,10.59614618569,-74.96092764858,ATLÁNTICO,SABANALARGA,08
08675,SANTA LUCÍA - ATLÁNTICO,NA,10.3377165497,-74.95666257204999,ATLÁNTICO,SANTA LUCÍA,08
08685,SANTO TOMÁS - ATLÁNTICO,NA,10.7580629353,-74.7524390475,ATLÁNTICO,SANTO TOMÁS,08
08758,SOLEDAD - ATLÁNTICO,NA,10.9056320841,-74.7923421864,ATLÁNTICO,SOLEDAD,08
08770,SUAN - ATLÁNTICO,NA,10.3336984851,-74.8801231433,ATLÁNTICO,SUAN,08
08832,TUBARÁ - ATLÁNTICO,NA,10.903569902617763,-74.99703692815041,ATLÁNTICO,TUBARÁ,08
08849,USIACURÍ - ATLÁNTICO,NA,10.7427773208,-74.9769331063,ATLÁNTICO,USIACURÍ,08
11001,"BOGOTÁ, D.C. - BOGOTÁ, D. C.",Bogotá – Cundinamarca|Santa fe de bogotá – Bogotá|Santafe de bogota D.C.|Santa fe de bogota D.C.,4.32664941085017,-74.18417790176304,"BOGOTÁ, D. C.","BOGOTÁ, D.C.",11
13001,CARTAGENA DE INDIAS - BOLÍVAR,NA,10.362282179811823,-75.53124709711665,BOLÍVAR,CARTAGENA DE INDIAS,13
13006,ACHÍ - BOLÍVAR,NA,8.606523000969721,-74.49184056471091,BOLÍVAR,ACHÍ,13
13030,ALTOS DEL ROSARIO - BOLÍVAR,NA,8.772425472465766,-74.20267927038557,BOLÍVAR,ALTOS DEL ROSARIO,13
13042,ARENAL - BOLÍVAR,NA,8.40373279198,-74.02676539046,BOLÍVAR,ARENAL,13
13052,ARJONA - BOLÍVAR,NA,10.168221344605525,-75.36188046928812,BOLÍVAR,ARJONA,13
13062,ARROYOHONDO - BOLÍVAR,NA,10.236286847716666,-75.02692024231666,BOLÍVAR,ARROYOHONDO,13
13074,BARRANCO DE LOBA - BOLÍVAR,NA,8.864843309428,-74.21015949698,BOLÍVAR,BARRANCO DE LOBA,13
13140,CALAMAR - BOLÍVAR,NA,10.207838626877983,-74.96530986186498,BOLÍVAR,CALAMAR,13
13160,CANTAGALLO - BOLÍVAR,NA,7.247088874698005,-74.09166638593466,BOLÍVAR,CANTAGALLO,13
13188,CICUCO - BOLÍVAR,NA,9.231938854434967,-74.69547554185876,BOLÍVAR,CICUCO,13
13212,CÓRDOBA - BOLÍVAR,NA,9.513518424662694,-74.88884732967335,BOLÍVAR,CÓRDOBA,13
13222,CLEMENCIA - BOLÍVAR,NA,10.551914517966667,-75.27630481803332,BOLÍVAR,CLEMENCIA,13
13244,EL CARMEN DE BOLÍVAR - BOLÍVAR,NA,9.706200339415036,-75.18588281241979,BOLÍVAR,EL CARMEN DE BOLÍVAR,13
13248,EL GUAMO - BOLÍVAR,NA,10.040603666956667,-74.9017943275,BOLÍVAR,EL GUAMO,13
13268,EL PEÑÓN - BOLÍVAR,NA,8.887349730728571,-73.93072987921428,BOLÍVAR,EL PEÑÓN,13
13300,HATILLO DE LOBA - BOLÍVAR,NA,8.975630539740791,-74.1418537415844,BOLÍVAR,HATILLO DE LOBA,13
13430,MAGANGUÉ - BOLÍVAR,NA,9.172877654370168,-74.73204338172945,BOLÍVAR,MAGANGUÉ,13
13433,MAHATES - BOLÍVAR,NA,10.174596817898378,-75.18458736449719,BOLÍVAR,MAHATES,13
13440,MARGARITA - BOLÍVAR,NA,9.080871329090526,-74.23304520919473,BOLÍVAR,MARGARITA,13
13442,MARÍA LA BAJA - BOLÍVAR,NA,9.973958071410763,-75.33235747389124,BOLÍVAR,MARÍA LA BAJA,13
13458,MONTECRISTO - BOLÍVAR,NA,8.059133900738,-74.49305967575,BOLÍVAR,MONTECRISTO,13
13468,MOMPÓS - BOLÍVAR,NA,9.13760736321375,-74.53171291350417,BOLÍVAR,MOMPÓS,13
13473,MORALES - BOLÍVAR,NA,8.26024836435779,-73.90030676357165,BOLÍVAR,MORALES,13
13490,NOROSÍ - BOLÍVAR,NA,8.508743006204178,-74.10694597230908,BOLÍVAR,NOROSÍ,13
13549,PINILLOS - BOLÍVAR,NA,8.86184744265973,-74.40351567810269,BOLÍVAR,PINILLOS,13
13580,REGIDOR - BOLÍVAR,NA,8.728029047891058,-73.82639309190046,BOLÍVAR,REGIDOR,13
13600,RÍO VIEJO - BOLÍVAR,NA,8.554340891779766,-73.9094832107767,BOLÍVAR,RÍO VIEJO,13
13620,SAN CRISTÓBAL - BOLÍVAR,NA,10.376435370033333,-75.0790256648,BOLÍVAR,SAN CRISTÓBAL,13
13647,SAN ESTANISLAO - BOLÍVAR,NA,10.3558902925,-75.17197591585,BOLÍVAR,SAN ESTANISLAO,13
13650,SAN FERNANDO - BOLÍVAR,NA,9.123541157513571,-74.3526906297357,BOLÍVAR,SAN FERNANDO,13
13654,SAN JACINTO - BOLÍVAR,NA,9.8376719216214,-75.13832788079995,BOLÍVAR,SAN JACINTO,13
13655,SAN JACINTO DEL CAUCA - BOLÍVAR,NA,8.26918812859,-74.6627708710125,BOLÍVAR,SAN JACINTO DEL CAUCA,13
13657,SAN JUAN NEPOMUCENO - BOLÍVAR,NA,9.97071037511,-75.0451417445,BOLÍVAR,SAN JUAN NEPOMUCENO,13
13667,SAN MARTÍN DE LOBA - BOLÍVAR,NA,8.828528174961088,-73.99993633522286,BOLÍVAR,SAN MARTÍN DE LOBA,13
13670,SAN PABLO - BOLÍVAR,NA,7.5316748035119,-74.0546710669408,BOLÍVAR,SAN PABLO,13
13673,SANTA CATALINA - BOLÍVAR,NA,10.691747337105772,-75.26750230811946,BOLÍVAR,SANTA CATALINA,13
13683,SANTA ROSA - BOLÍVAR,NA,10.4454727189,-75.3691024298,BOLÍVAR,SANTA ROSA,13
13688,SANTA ROSA DEL SUR - BOLÍVAR,NA,7.786085857391343,-74.24725886361432,BOLÍVAR,SANTA ROSA DEL SUR,13
13744,SIMITÍ - BOLÍVAR,NA,7.849273622222737,-73.97894449178027,BOLÍVAR,SIMITÍ,13
13760,SOPLAVIENTO - BOLÍVAR,NA,10.3894223653,-75.1393732218,BOLÍVAR,SOPLAVIENTO,13
13780,TALAIGUA NUEVO - BOLÍVAR,NA,9.307146936551,-74.59399377827,BOLÍVAR,TALAIGUA NUEVO,13
13810,TIQUISIO - BOLÍVAR,NA,8.511493367087816,-74.29709668240008,BOLÍVAR,TIQUISIO,13
13836,TURBACO - BOLÍVAR,NA,10.354680940571125,-75.36816841349656,BOLÍVAR,TURBACO,13
13838,TURBANÁ - BOLÍVAR,NA,10.216251520466667,-75.4553951659,BOLÍVAR,TURBANÁ,13
13873,VILLANUEVA - BOLÍVAR,NA,10.429433779711333,-75.27841123270544,BOLÍVAR,VILLANUEVA,13
13894,ZAMBRANO - BOLÍVAR,NA,9.7482718169403,-74.85327459502679,BOLÍVAR,ZAMBRANO,13
15001,TUNJA - BOYACÁ,NA,5.53937063584,-73.3543638186,BOYACÁ,TUNJA,15
15022,ALMEIDA - BOYACÁ,NA,4.97124101468,-73.3787857955,BOYACÁ,ALMEIDA,15
15047,AQUITANIA - BOYACÁ,NA,5.444411492639289,-72.88008568122889,BOYACÁ,AQUITANIA,15
15051,ARCABUCO - BOYACÁ,NA,5.75661447168,-73.4396912192,BOYACÁ,ARCABUCO,15
15087,BELÉN - BOYACÁ,NA,5.98833686523,-72.9112545697,BOYACÁ,BELÉN,15
15090,BERBEO - BOYACÁ,NA,5.2271520402,-73.1268643511,BOYACÁ,BERBEO,15
15092,BETÉITIVA - BOYACÁ,NA,5.9100655590999995,-72.83707429775001,BOYACÁ,BETÉITIVA,15
15097,BOAVITA - BOYACÁ,NA,6.33067803458,-72.5847752243,BOYACÁ,BOAVITA,15
15104,BOYACÁ - BOYACÁ,NA,5.45455383227,-73.3620268275,BOYACÁ,BOYACÁ,15
15106,BRICEÑO - BOYACÁ,NA,5.69016431203,-73.9233039987,BOYACÁ,BRICEÑO,15
15109,BUENAVISTA - BOYACÁ,NA,5.51174852719,-73.9409990293,BOYACÁ,BUENAVISTA,15
15114,BUSBANZÁ - BOYACÁ,NA,5.83037889421,-72.8838834271,BOYACÁ,BUSBANZÁ,15
15131,CALDAS - BOYACÁ,NA,5.57570486779,-73.8634646651,BOYACÁ,CALDAS,15
15135,CAMPOHERMOSO - BOYACÁ,NA,5.0168697670833335,-73.1505458073,BOYACÁ,CAMPOHERMOSO,15
15162,CERINZA - BOYACÁ,NA,5.955976752,-72.9477205036,BOYACÁ,CERINZA,15
15172,CHINAVITA - BOYACÁ,NA,5.16741662868,-73.3686289379,BOYACÁ,CHINAVITA,15
15176,CHIQUINQUIRÁ - BOYACÁ,NA,5.61485105697,-73.8187107146,BOYACÁ,CHIQUINQUIRÁ,15
15180,CHISCAS - BOYACÁ,NA,6.5637699791149995,-72.48585043485,BOYACÁ,CHISCAS,15
15183,CHITA - BOYACÁ,NA,6.18742408063,-72.4735580541,BOYACÁ,CHITA,15
15185,CHITARAQUE - BOYACÁ,NA,6.02747548905,-73.4469293634,BOYACÁ,CHITARAQUE,15
15187,CHIVATÁ - BOYACÁ,NA,5.56040152608,-73.2808946232,BOYACÁ,CHIVATÁ,15
15189,CIÉNEGA - BOYACÁ,NA,5.40952113356,-73.2960896762,BOYACÁ,CIÉNEGA,15
15204,CÓMBITA - BOYACÁ,NA,5.65689776602,-73.3070780552,BOYACÁ,CÓMBITA,15
15212,COPER - BOYACÁ,NA,5.4753923798,-74.0450352906,BOYACÁ,COPER,15
15215,CORRALES - BOYACÁ,NA,5.82808297937,-72.8448075296,BOYACÁ,CORRALES,15
15218,COVARACHÍA - BOYACÁ,NA,6.50027200205,-72.7389949186,BOYACÁ,COVARACHÍA,15
15223,CUBARÁ - BOYACÁ,NA,6.9664213437099995,-72.1364103559,BOYACÁ,CUBARÁ,15
15224,CUCAITA - BOYACÁ,NA,5.54301842098,-73.454200081,BOYACÁ,CUCAITA,15
15226,CUÍTIVA - BOYACÁ,NA,5.590472741285,-72.93901207190001,BOYACÁ,CUÍTIVA,15
15232,CHÍQUIZA - BOYACÁ,NA,5.6237385068465,-73.46567355108985,BOYACÁ,CHÍQUIZA,15
15236,CHIVOR - BOYACÁ,NA,4.88876763021,-73.3698003698,BOYACÁ,CHIVOR,15
15238,DUITAMA - BOYACÁ,NA,5.82571245516625,-73.05668216806251,BOYACÁ,DUITAMA,15
15244,EL COCUY - BOYACÁ,NA,6.41037802779,-72.4454127648,BOYACÁ,EL COCUY,15
15248,EL ESPINO - BOYACÁ,NA,6.4826131397,-72.4963221128,BOYACÁ,EL ESPINO,15
15272,FIRAVITOBA - BOYACÁ,NA,5.66912083496,-72.9937203959,BOYACÁ,FIRAVITOBA,15
15276,FLORESTA - BOYACÁ,NA,5.858067845175,-72.93171349400001,BOYACÁ,FLORESTA,15
15293,GACHANTIVÁ - BOYACÁ,NA,5.75196804738,-73.5493153358,BOYACÁ,GACHANTIVÁ,15
15296,GÁMEZA - BOYACÁ,NA,5.80283711498,-72.8062102157,BOYACÁ,GÁMEZA,15
15299,GARAGOA - BOYACÁ,NA,5.08228084885,-73.3647669702,BOYACÁ,GARAGOA,15
15317,GUACAMAYAS - BOYACÁ,NA,6.45971197395,-72.500600213,BOYACÁ,GUACAMAYAS,15
15322,GUATEQUE - BOYACÁ,NA,5.00708724993,-73.4722844817,BOYACÁ,GUATEQUE,15
15325,GUAYATÁ - BOYACÁ,NA,4.96682008754,-73.4901186533,BOYACÁ,GUAYATÁ,15
15332,GÜICÁN DE LA SIERRA - BOYACÁ,NA,6.46292958742,-72.4120601319,BOYACÁ,GÜICÁN DE LA SIERRA,15
15362,IZA - BOYACÁ,NA,5.61235844867,-72.9796484028,BOYACÁ,IZA,15
15367,JENESANO - BOYACÁ,NA,5.38487936219,-73.3639584567,BOYACÁ,JENESANO,15
15368,JERICÓ - BOYACÁ,NA,6.1502817974549995,-72.55948748784999,BOYACÁ,JERICÓ,15
15377,LABRANZAGRANDE - BOYACÁ,NA,5.56235834208,-72.5775941245,BOYACÁ,LABRANZAGRANDE,15
15380,LA CAPILLA - BOYACÁ,NA,5.09555866963,-73.445010629,BOYACÁ,LA CAPILLA,15
15401,LA VICTORIA - BOYACÁ,NA,5.52314917168,-74.2345974039,BOYACÁ,LA VICTORIA,15
15403,LA UVITA - BOYACÁ,NA,6.28111256227,-72.55224616765,BOYACÁ,LA UVITA,15
15407,VILLA DE LEYVA - BOYACÁ,NA,5.63623795957,-73.5264455074,BOYACÁ,VILLA DE LEYVA,15
15425,MACANAL - BOYACÁ,NA,4.9904881984500005,-73.2807048485,BOYACÁ,MACANAL,15
15442,MARIPÍ - BOYACÁ,NA,5.58038008215965,-74.03080577072015,BOYACÁ,MARIPÍ,15
15455,MIRAFLORES - BOYACÁ,NA,5.19594580009,-73.14486261,BOYACÁ,MIRAFLORES,15
15464,MONGUA - BOYACÁ,NA,5.75283042742,-72.8002051309,BOYACÁ,MONGUA,15
15466,MONGUÍ - BOYACÁ,NA,5.72336164372,-72.8488798848,BOYACÁ,MONGUÍ,15
15469,MONIQUIRÁ - BOYACÁ,NA,5.866925990103334,-73.56440284776666,BOYACÁ,MONIQUIRÁ,15
15476,MOTAVITA - BOYACÁ,NA,5.57754426501,-73.3681498024,BOYACÁ,MOTAVITA,15
15480,MUZO - BOYACÁ,NA,5.52831127916125,-74.1097890220675,BOYACÁ,MUZO,15
15491,NOBSA - BOYACÁ,NA,5.773269530866364,-72.93691047144546,BOYACÁ,NOBSA,15
15494,NUEVO COLÓN - BOYACÁ,NA,5.35506695617,-73.4570665385,BOYACÁ,NUEVO COLÓN,15
15500,OICATÁ - BOYACÁ,NA,5.59440917568,-73.3077536803,BOYACÁ,OICATÁ,15
15507,OTANCHE - BOYACÁ,NA,5.751083734148875,-74.18895727759805,BOYACÁ,OTANCHE,15
15511,PACHAVITA - BOYACÁ,NA,5.14022874452,-73.3971076544,BOYACÁ,PACHAVITA,15
15514,PÁEZ - BOYACÁ,NA,5.101287002816666,-73.00976798853333,BOYACÁ,PÁEZ,15
15516,PAIPA - BOYACÁ,NA,5.854197632353333,-73.17648472196667,BOYACÁ,PAIPA,15
15518,PAJARITO - BOYACÁ,NA,5.354075331026666,-72.69883836153333,BOYACÁ,PAJARITO,15
15522,PANQUEBA - BOYACÁ,NA,6.44256891347,-72.4589391962,BOYACÁ,PANQUEBA,15
15531,PAUNA - BOYACÁ,NA,5.65653655177,-73.9785815826,BOYACÁ,PAUNA,15
15533,PAYA - BOYACÁ,NA,5.641819607575,-72.39799247740001,BOYACÁ,PAYA,15
15537,PAZ DE RÍO - BOYACÁ,NA,6.009028096685,-72.75372558385001,BOYACÁ,PAZ DE RÍO,15
15542,PESCA - BOYACÁ,NA,5.55868752792,-73.050663427999993,BOYACÁ,PESCA,15
15550,PISBA - BOYACÁ,NA,5.72305842393,-72.4831827809,BOYACÁ,PISBA,15
15572,PUERTO BOYACÁ - BOYACÁ,NA,5.954318067098819,-74.45844701746078,BOYACÁ,PUERTO BOYACÁ,15
15580,QUÍPAMA - BOYACÁ,NA,5.57350309933634,-74.24061649703386,BOYACÁ,QUÍPAMA,15
15599,RAMIRIQUÍ - BOYACÁ,NA,5.32295076746984,-73.31567637297093,BOYACÁ,RAMIRIQUÍ,15
15600,RÁQUIRA - BOYACÁ,NA,5.52989318865,-73.6184457307,BOYACÁ,RÁQUIRA,15
15621,RONDÓN - BOYACÁ,NA,5.36954903226,-73.20294291245,BOYACÁ,RONDÓN,15
15632,SABOYÁ - BOYACÁ,NA,5.725743253205,-73.7489249226,BOYACÁ,SABOYÁ,15
15638,SÁCHICA - BOYACÁ,NA,5.58303012051,-73.5425258614,BOYACÁ,SÁCHICA,15
15646,SAMACÁ - BOYACÁ,NA,5.4775560035633335,-73.5107609848,BOYACÁ,SAMACÁ,15
15660,SAN EDUARDO - BOYACÁ,NA,5.22420661716,-73.0766026379,BOYACÁ,SAN EDUARDO,15
15664,SAN JOSÉ DE PARE - BOYACÁ,NA,6.01961048939,-73.5434490918,BOYACÁ,SAN JOSÉ DE PARE,15
15667,SAN LUIS DE GACENO - BOYACÁ,NA,4.801890663295715,-73.12261751738572,BOYACÁ,SAN LUIS DE GACENO,15
15673,SAN MATEO - BOYACÁ,NA,6.40183421353,-72.5549428659,BOYACÁ,SAN MATEO,15
15676,SAN MIGUEL DE SEMA - BOYACÁ,NA,5.51772942922,-73.7219924849,BOYACÁ,SAN MIGUEL DE SEMA,15
15681,SAN PABLO DE BORBUR - BOYACÁ,NA,5.6628929204425,-74.115698577525,BOYACÁ,SAN PABLO DE BORBUR,15
15686,SANTANA - BOYACÁ,NA,6.0575994125864,-73.48711631617253,BOYACÁ,SANTANA,15
15690,SANTA MARÍA - BOYACÁ,NA,4.85760064062,-73.2632587622,BOYACÁ,SANTA MARÍA,15
15693,SANTA ROSA DE VITERBO - BOYACÁ,NA,5.87473860404,-72.9823863595,BOYACÁ,SANTA ROSA DE VITERBO,15
15696,SANTA SOFÍA - BOYACÁ,NA,5.71227372283,-73.604182036,BOYACÁ,SANTA SOFÍA,15
15720,SATIVANORTE - BOYACÁ,NA,6.120005457045,-72.70645823174999,BOYACÁ,SATIVANORTE,15
15723,SATIVASUR - BOYACÁ,NA,6.093234404,-72.7120698536,BOYACÁ,SATIVASUR,15
15740,SIACHOQUE - BOYACÁ,NA,5.51101900101,-73.2451885941,BOYACÁ,SIACHOQUE,15
15753,SOATÁ - BOYACÁ,NA,6.33365418585,-72.6833174046,BOYACÁ,SOATÁ,15
15755,SOCOTÁ - BOYACÁ,NA,6.04117539594,-72.6364603722,BOYACÁ,SOCOTÁ,15
15757,SOCHA - BOYACÁ,NA,5.972340527330767,-72.6849965684539,BOYACÁ,SOCHA,15
15759,SOGAMOSO - BOYACÁ,NA,5.70447362736,-72.90994244104,BOYACÁ,SOGAMOSO,15
15761,SOMONDOCO - BOYACÁ,NA,4.98580939218,-73.4333122291,BOYACÁ,SOMONDOCO,15
15762,SORA - BOYACÁ,NA,5.56685654075,-73.4498672629,BOYACÁ,SORA,15
15763,SOTAQUIRÁ - BOYACÁ,NA,5.763535004596666,-73.24464134133333,BOYACÁ,SOTAQUIRÁ,15
15764,SORACÁ - BOYACÁ,NA,5.50108431683,-73.3328154953,BOYACÁ,SORACÁ,15
15774,SUSACÓN - BOYACÁ,NA,6.2307747366,-72.6897880303,BOYACÁ,SUSACÓN,15
15776,SUTAMARCHÁN - BOYACÁ,NA,5.62014390877,-73.6205637062,BOYACÁ,SUTAMARCHÁN,15
15778,SUTATENZA - BOYACÁ,NA,5.02324263103,-73.4520467214,BOYACÁ,SUTATENZA,15
15790,TASCO - BOYACÁ,NA,5.9151643536054,-72.74471662146225,BOYACÁ,TASCO,15
15798,TENZA - BOYACÁ,NA,5.0768315662,-73.4216511523,BOYACÁ,TENZA,15
15804,TIBANÁ - BOYACÁ,NA,5.31618446526,-73.3967445026,BOYACÁ,TIBANÁ,15
15806,TIBASOSA - BOYACÁ,NA,5.7650331533,-73.01520128963332,BOYACÁ,TIBASOSA,15
15808,TINJACÁ - BOYACÁ,NA,5.57901932907,-73.6471490956,BOYACÁ,TINJACÁ,15
15810,TIPACOQUE - BOYACÁ,NA,6.4185770964232,-72.69315480590573,BOYACÁ,TIPACOQUE,15
15814,TOCA - BOYACÁ,NA,5.56541863786,-73.1845174634,BOYACÁ,TOCA,15
15816,TOGÜÍ - BOYACÁ,NA,5.93754576969,-73.5135719162,BOYACÁ,TOGÜÍ,15
15820,TÓPAGA - BOYACÁ,NA,5.7694495060849995,-72.8488057063,BOYACÁ,TÓPAGA,15
15822,TOTA - BOYACÁ,NA,5.56087990488,-72.9854281572,BOYACÁ,TOTA,15
15832,TUNUNGUÁ - BOYACÁ,NA,5.73040797901,-73.9330350622,BOYACÁ,TUNUNGUÁ,15
15835,TURMEQUÉ - BOYACÁ,NA,5.32384575013,-73.4885656969,BOYACÁ,TURMEQUÉ,15
15837,TUTA - BOYACÁ,NA,5.69072807998,-73.2258853682,BOYACÁ,TUTA,15
15839,TUTAZÁ - BOYACÁ,NA,6.05462250822,-72.85708909725,BOYACÁ,TUTAZÁ,15
15842,ÚMBITA - BOYACÁ,NA,5.21775307518,-73.4574526682,BOYACÁ,ÚMBITA,15
15861,VENTAQUEMADA - BOYACÁ,NA,5.3931898347023886,-73.50338429016638,BOYACÁ,VENTAQUEMADA,15
15879,VIRACACHÁ - BOYACÁ,NA,5.43670756257,-73.2966647004,BOYACÁ,VIRACACHÁ,15
15897,ZETAQUIRA - BOYACÁ,NA,5.28434656469,-73.1720299685,BOYACÁ,ZETAQUIRA,15
17001,MANIZALES - CALDAS,NA,5.081914683140773,-75.54740571406604,CALDAS,MANIZALES,17
17013,AGUADAS - CALDAS,NA,5.61536215014233,-75.47456869118074,CALDAS,AGUADAS,17
17042,ANSERMA - CALDAS,NA,5.233636882786667,-75.7868740035,CALDAS,ANSERMA,17
17050,ARANZAZU - CALDAS,NA,5.266516183223933,-75.49578928975123,CALDAS,ARANZAZU,17
17088,BELALCÁZAR - CALDAS,NA,5.000939430714,-75.81328207286,CALDAS,BELALCÁZAR,17
17174,CHINCHINÁ - CALDAS,NA,4.97394842541125,-75.659999681525,CALDAS,CHINCHINÁ,17
17272,FILADELFIA - CALDAS,NA,5.2787837954,-75.56065274964286,CALDAS,FILADELFIA,17
17380,LA DORADA - CALDAS,NA,5.501632360914545,-74.7071085523909,CALDAS,LA DORADA,17
17388,LA MERCED - CALDAS,NA,5.392060451074883,-75.56339648438247,CALDAS,LA MERCED,17
17433,MANZANARES - CALDAS,NA,5.237371513926,-75.12710060796,CALDAS,MANZANARES,17
17442,MARMATO - CALDAS,NA,5.487589382994369,-75.60149754537699,CALDAS,MARMATO,17
17444,MARQUETALIA - CALDAS,NA,5.30364105314,-75.0270128774,CALDAS,MARQUETALIA,17
17446,MARULANDA - CALDAS,NA,5.223249815040001,-75.22984432935,CALDAS,MARULANDA,17
17486,NEIRA - CALDAS,NA,5.179077865746187,-75.56321871818618,CALDAS,NEIRA,17
17495,NORCASIA - CALDAS,NA,5.61290664445818,-74.87003113076933,CALDAS,NORCASIA,17
17513,PÁCORA - CALDAS,NA,5.5028023081710185,-75.48952517647854,CALDAS,PÁCORA,17
17524,PALESTINA - CALDAS,NA,5.0481718055780505,-75.65837272903839,CALDAS,PALESTINA,17
17541,PENSILVANIA - CALDAS,NA,5.397528081325,-75.11251217589,CALDAS,PENSILVANIA,17
17614,RIOSUCIO - CALDAS,NA,5.427306384866129,-75.70392550057514,CALDAS,RIOSUCIO,17
17616,RISARALDA - CALDAS,NA,5.1277552777299995,-75.757540845275,CALDAS,RISARALDA,17
17653,SALAMINA - CALDAS,NA,5.37584567479455,-75.44029985216487,CALDAS,SALAMINA,17
17662,SAMANÁ - CALDAS,NA,5.527879381649578,-74.98067860998351,CALDAS,SAMANÁ,17
17665,SAN JOSÉ - CALDAS,NA,5.073382598456667,-75.81278104073334,CALDAS,SAN JOSÉ,17
17777,SUPÍA - CALDAS,NA,5.4560687274931,-75.64075888310575,CALDAS,SUPÍA,17
17867,VICTORIA - CALDAS,NA,5.4200713340612,-74.8651766082937,CALDAS,VICTORIA,17
17873,VILLAMARÍA - CALDAS,NA,4.9862729427380135,-75.53104203720824,CALDAS,VILLAMARÍA,17
17877,VITERBO - CALDAS,NA,5.06286441938,-75.8707592879,CALDAS,VITERBO,17
18001,FLORENCIA - CAQUETÁ,NA,1.716729351084218,-75.53120553021793,CAQUETÁ,FLORENCIA,18
18029,ALBANIA - CAQUETÁ,NA,1.233066838455,-75.89542312602501,CAQUETÁ,ALBANIA,18
18094,BELÉN DE LOS ANDAQUÍES - CAQUETÁ,NA,1.405482843985,-75.85065458756667,CAQUETÁ,BELÉN DE LOS ANDAQUÍES,18
18150,CARTAGENA DEL CHAIRÁ - CAQUETÁ,NA,0.7544288414526154,-74.49953689643077,CAQUETÁ,CARTAGENA DEL CHAIRÁ,18
18205,CURILLO - CAQUETÁ,NA,1.107504600255,-75.9718664563,CAQUETÁ,CURILLO,18
18247,EL DONCELLO - CAQUETÁ,NA,1.684684444616,-75.20794882404,CAQUETÁ,EL DONCELLO,18
18256,EL PAUJÍL - CAQUETÁ,NA,1.5025799595233333,-75.19301570993333,CAQUETÁ,EL PAUJÍL,18
18410,LA MONTAÑITA - CAQUETÁ,NA,1.37727367554525,-75.3172347952953,CAQUETÁ,LA MONTAÑITA,18
18460,MILÁN - CAQUETÁ,NA,1.1209815903313143,-75.40438349322639,CAQUETÁ,MILÁN,18
18479,MORELIA - CAQUETÁ,NA,1.48803902537,-75.7265584717,CAQUETÁ,MORELIA,18
18592,PUERTO RICO - CAQUETÁ,NA,1.913456220205,-75.09952381383333,CAQUETÁ,PUERTO RICO,18
18610,SAN JOSÉ DEL FRAGUA - CAQUETÁ,NA,1.2193721040125,-76.0975736501,CAQUETÁ,SAN JOSÉ DEL FRAGUA,18
18753,SAN VICENTE DEL CAGUÁN - CAQUETÁ,NA,1.5412161695399815,-74.379581613674,CAQUETÁ,SAN VICENTE DEL CAGUÁN,18
18756,SOLANO - CAQUETÁ,NA,0.5244670865191,-73.57680874320565,CAQUETÁ,SOLANO,18
18785,SOLITA - CAQUETÁ,NA,0.91572633058578,-75.64627067452224,CAQUETÁ,SOLITA,18
18860,VALPARAÍSO - CAQUETÁ,NA,1.0973298246925,-75.67902775877499,CAQUETÁ,VALPARAÍSO,18
19001,POPAYÁN - CAUCA,NA,2.4714222700742825,-76.60334542415713,CAUCA,POPAYÁN,19
19022,ALMAGUER - CAUCA,NA,1.9109952445183334,-76.85517833541667,CAUCA,ALMAGUER,19
19050,ARGELIA - CAUCA,NA,2.34115274031875,-77.2470824173375,CAUCA,ARGELIA,19
19075,BALBOA - CAUCA,NA,2.0852532149066665,-77.2054839664,CAUCA,BALBOA,19
19100,BOLÍVAR - CAUCA,NA,1.8563263488975,-76.95077546091667,CAUCA,BOLÍVAR,19
19110,BUENOS AIRES - CAUCA,NA,3.014008375169,-76.62016524489,CAUCA,BUENOS AIRES,19
19130,CAJIBÍO - CAUCA,NA,2.634496773978264,-76.67396776088621,CAUCA,CAJIBÍO,19
19137,CALDONO - CAUCA,NA,2.8085693174587143,-76.44164516307094,CAUCA,CALDONO,19
19142,CALOTO - CAUCA,NA,3.065948376532667,-76.3343392573,CAUCA,CALOTO,19
19212,CORINTO - CAUCA,NA,3.1411530602414284,-76.22739493084286,CAUCA,CORINTO,19
19256,EL TAMBO - CAUCA,NA,2.525944043477143,-76.98303386131246,CAUCA,EL TAMBO,19
19290,FLORENCIA - CAUCA,NA,1.6925396614833332,-77.07884626473333,CAUCA,FLORENCIA,19
19300,GUACHENÉ - CAUCA,NA,3.1438775561134285,-76.39252462128867,CAUCA,GUACHENÉ,19
19318,GUAPÍ - CAUCA,NA,2.445965859320926,-77.68849934004942,CAUCA,GUAPÍ,19
19355,INZÁ - CAUCA,NA,2.5183292751785333,-76.0734052890794,CAUCA,INZÁ,19
19364,JAMBALÓ - CAUCA,NA,2.77802100734,-76.3244074327,CAUCA,JAMBALÓ,19
19392,LA SIERRA - CAUCA,NA,2.18500734977255,-76.7778827665845,CAUCA,LA SIERRA,19
19397,LA VEGA - CAUCA,NA,2.0625651127692306,-76.77784872753077,CAUCA,LA VEGA,19
19418,LÓPEZ DE MICAY - CAUCA,NA,2.97526805145464,-77.23298080221632,CAUCA,LÓPEZ DE MICAY,19
19450,MERCADERES - CAUCA,NA,1.7876425059922667,-77.17504781742672,CAUCA,MERCADERES,19
19455,MIRANDA - CAUCA,NA,3.2220548725329454,-76.20479630277124,CAUCA,MIRANDA,19
19473,MORALES - CAUCA,NA,2.772843531045,-76.72877242351666,CAUCA,MORALES,19
19513,PADILLA - CAUCA,NA,3.2033637540761335,-76.33744524892467,CAUCA,PADILLA,19
19517,PÁEZ - CAUCA,NA,2.6721607463405217,-75.99025766254702,CAUCA,PÁEZ,19
19532,PATÍA - CAUCA,NA,2.1353655732044214,-77.06420505290549,CAUCA,PATÍA,19
19533,PIAMONTE - CAUCA,NA,1.1389794321165143,-76.3688348213678,CAUCA,PIAMONTE,19
19548,PIENDAMÓ - TUNÍA - CAUCA,NA,2.65587738931,-76.53294923045,CAUCA,PIENDAMÓ - TUNÍA,19
19573,PUERTO TEJADA - CAUCA,NA,3.25245202956048,-76.42096704667472,CAUCA,PUERTO TEJADA,19
19585,PURACÉ - CAUCA,NA,2.3098011218838335,-76.36923674673936,CAUCA,PURACÉ,19
19622,ROSAS - CAUCA,NA,2.2538721710975,-76.754118896425,CAUCA,ROSAS,19
19693,SAN SEBASTIÁN - CAUCA,NA,1.838357749576,-76.75319456482,CAUCA,SAN SEBASTIÁN,19
19698,SANTANDER DE QUILICHAO - CAUCA,NA,2.9872832451449,-76.50336732929793,CAUCA,SANTANDER DE QUILICHAO,19
19701,SANTA ROSA - CAUCA,NA,1.5926553262183334,-76.57043821576667,CAUCA,SANTA ROSA,19
19743,SILVIA - CAUCA,NA,2.6681771107425,-76.386740760275,CAUCA,SILVIA,19
19760,SOTARA - CAUCA,NA,2.200817948738875,-76.62709601047935,CAUCA,SOTARA,19
19780,SUÁREZ - CAUCA,NA,2.9390814195030397,-76.73522610328162,CAUCA,SUÁREZ,19
19785,SUCRE - CAUCA,NA,2.0539151679766667,-76.91808895223333,CAUCA,SUCRE,19
19807,TIMBÍO - CAUCA,NA,2.3646576169891,-76.70236870585666,CAUCA,TIMBÍO,19
19809,TIMBIQUÍ - CAUCA,NA,2.723143835623124,-77.53852304688125,CAUCA,TIMBIQUÍ,19
19821,TORIBÍO - CAUCA,NA,2.97049478433392,-76.24120788183735,CAUCA,TORIBÍO,19
19824,TOTORÓ - CAUCA,NA,2.51679458008,-76.38468970866667,CAUCA,TOTORÓ,19
19845,VILLA RICA - CAUCA,NA,3.18082958414,-76.46208456978572,CAUCA,VILLA RICA,19
20001,VALLEDUPAR - CESAR,NA,10.388462800487089,-73.39374626660248,CESAR,VALLEDUPAR,20
20011,AGUACHICA - CESAR,NA,8.203221431657392,-73.64901107907738,CESAR,AGUACHICA,20
20013,AGUSTÍN CODAZZI - CESAR,NA,9.942122326906,-73.24328917574,CESAR,AGUSTÍN CODAZZI,20
20032,ASTREA - CESAR,NA,9.512300186734121,-73.91934976116188,CESAR,ASTREA,20
20045,BECERRIL - CESAR,NA,9.684560995526667,-73.24858427859999,CESAR,BECERRIL,20
20060,BOSCONIA - CESAR,NA,9.939998755043334,-73.86444750046667,CESAR,BOSCONIA,20
20175,CHIMICHAGUA - CESAR,NA,9.235380042239333,-73.80799331495368,CESAR,CHIMICHAGUA,20
20178,CHIRIGUANÁ - CESAR,NA,9.410358447495,-73.52654676867,CESAR,CHIRIGUANÁ,20
20228,CURUMANÍ - CESAR,NA,9.239031481222916,-73.55280009360544,CESAR,CURUMANÍ,20
20238,EL COPEY - CESAR,NA,10.2359866811,-73.918991528425,CESAR,EL COPEY,20
20250,EL PASO - CESAR,NA,9.675988448984214,-73.67838784068006,CESAR,EL PASO,20
20295,GAMARRA - CESAR,NA,8.310020971622857,-73.74347734785714,CESAR,GAMARRA,20
20310,GONZÁLEZ - CESAR,NA,8.402734092244,-73.37585133916,CESAR,GONZÁLEZ,20
20383,LA GLORIA - CESAR,NA,8.581507064204322,-73.69011292806438,CESAR,LA GLORIA,20
20400,LA JAGUA DE IBIRICO - CESAR,La Jagua - Cesar,9.57043571847,-73.3482899216,CESAR,LA JAGUA DE IBIRICO,20
20443,MANAURE BALCÓN DEL CESAR - CESAR,Manaure - Cesar,10.3907483154,-73.028834101,CESAR,MANAURE BALCÓN DEL CESAR,20
20517,PAILITAS - CESAR,NA,8.905137448777934,-73.6332280982288,CESAR,PAILITAS,20
20550,PELAYA - CESAR,NA,8.699082413103334,-73.70371372556667,CESAR,PELAYA,20
20570,PUEBLO BELLO - CESAR,NA,10.420247442587684,-73.62782149695437,CESAR,PUEBLO BELLO,20
20614,RÍO DE ORO - CESAR,NA,8.167265425320128,-73.50434741019758,CESAR,RÍO DE ORO,20
20621,LA PAZ - CESAR,La Paz - Cesar,10.281198504635213,-73.13438900977438,CESAR,LA PAZ,20
20710,SAN ALBERTO - CESAR,NA,7.752595068465999,-73.44245594042,CESAR,SAN ALBERTO,20
20750,SAN DIEGO - CESAR,NA,10.262734988350001,-73.2028335846,CESAR,SAN DIEGO,20
20770,SAN MARTÍN - CESAR,NA,7.914505428517772,-73.56521090797551,CESAR,SAN MARTÍN,20
20787,TAMALAMEQUE - CESAR,NA,8.878148969900247,-73.76601458987933,CESAR,TAMALAMEQUE,20
23001,MONTERÍA - CÓRDOBA,NA,8.590386063826669,-75.94106601413154,CÓRDOBA,MONTERÍA,23
23068,AYAPEL - CÓRDOBA,NA,8.3043916661538,-75.09168261152074,CÓRDOBA,AYAPEL,23
23079,BUENAVISTA - CÓRDOBA,NA,8.18460118075338,-75.4331084066992,CÓRDOBA,BUENAVISTA,23
23090,CANALETE - CÓRDOBA,NA,8.720599483146668,-76.21662124754444,CÓRDOBA,CANALETE,23
23162,CERETÉ - CÓRDOBA,NA,8.89184069718168,-75.82020400315551,CÓRDOBA,CERETÉ,23
23168,CHIMÁ - CÓRDOBA,NA,9.128120313933733,-75.63281440348246,CÓRDOBA,CHIMÁ,23
23182,CHINÚ - CÓRDOBA,NA,9.046789770154827,-75.37247437906207,CÓRDOBA,CHINÚ,23
23189,CIÉNAGA DE ORO - CÓRDOBA,NA,8.843384138968005,-75.60324936047508,CÓRDOBA,CIÉNAGA DE ORO,23
23300,COTORRA - CÓRDOBA,NA,9.061463163975928,-75.77562367071936,CÓRDOBA,COTORRA,23
23350,LA APARTADA - CÓRDOBA,NA,8.035339653118,-75.3141351794,CÓRDOBA,LA APARTADA,23
23417,LORICA - CÓRDOBA,NA,9.16301242031868,-75.88312750053916,CÓRDOBA,LORICA,23
23419,LOS CÓRDOBAS - CÓRDOBA,NA,8.848714986046923,-76.29150151003846,CÓRDOBA,LOS CÓRDOBAS,23
23464,MOMIL - CÓRDOBA,NA,9.270567572525215,-75.64886805287112,CÓRDOBA,MOMIL,23
23466,MONTELÍBANO - CÓRDOBA,NA,8.008928406672728,-75.58206193572727,CÓRDOBA,MONTELÍBANO,23
23500,MOÑITOS - CÓRDOBA,NA,9.2000035542342,-76.12934906043677,CÓRDOBA,MOÑITOS,23
23555,PLANETA RICA - CÓRDOBA,NA,8.290243758421235,-75.62450810372599,CÓRDOBA,PLANETA RICA,23
23570,PUEBLO NUEVO - CÓRDOBA,NA,8.493709008766647,-75.42731700272721,CÓRDOBA,PUEBLO NUEVO,23
23574,PUERTO ESCONDIDO - CÓRDOBA,NA,8.993162692937837,-76.19687829144893,CÓRDOBA,PUERTO ESCONDIDO,23
23580,PUERTO LIBERTADOR - CÓRDOBA,NA,7.791424708294227,-75.75094404505585,CÓRDOBA,PUERTO LIBERTADOR,23
23586,PURÍSIMA DE LA CONCEPCIÓN - CÓRDOBA,NA,9.274117812018485,-75.72146354785757,CÓRDOBA,PURÍSIMA DE LA CONCEPCIÓN,23
23660,SAHAGÚN - CÓRDOBA,NA,8.798750113735823,-75.43429314451194,CÓRDOBA,SAHAGÚN,23
23670,SAN ANDRÉS DE SOTAVENTO - CÓRDOBA,NA,9.126801238423853,-75.5202100738573,CÓRDOBA,SAN ANDRÉS DE SOTAVENTO,23
23672,SAN ANTERO - CÓRDOBA,NA,9.345970533562616,-75.77954315066704,CÓRDOBA,SAN ANTERO,23
23675,SAN BERNARDO DEL VIENTO - CÓRDOBA,NA,9.320352835135175,-75.99378909239354,CÓRDOBA,SAN BERNARDO DEL VIENTO,23
23678,SAN CARLOS - CÓRDOBA,NA,8.686274991554075,-75.6975412711822,CÓRDOBA,SAN CARLOS,23
23682,SAN JOSÉ DE URÉ - CÓRDOBA,NA,7.78133900348665,-75.55553712575512,CÓRDOBA,SAN JOSÉ DE URÉ,23
23686,SAN PELAYO - CÓRDOBA,NA,8.981297727087348,-75.8666823012257,CÓRDOBA,SAN PELAYO,23
23807,TIERRALTA - CÓRDOBA,NA,7.982100870723965,-76.0721741937431,CÓRDOBA,TIERRALTA,23
23815,TUCHÍN - CÓRDOBA,NA,9.224616888817032,-75.54350824417472,CÓRDOBA,TUCHÍN,23
23855,VALENCIA - CÓRDOBA,NA,8.22420660980508,-76.20827806123069,CÓRDOBA,VALENCIA,23
25001,AGUA DE DIOS - CUNDINAMARCA,NA,4.37585313348,-74.6695456055,CUNDINAMARCA,AGUA DE DIOS,25
25019,ALBÁN - CUNDINAMARCA,NA,4.9000379562875,-74.446046627275,CUNDINAMARCA,ALBÁN,25
25035,ANAPOIMA - CUNDINAMARCA,NA,4.548102882905,-74.507356359675,CUNDINAMARCA,ANAPOIMA,25
25040,ANOLAIMA - CUNDINAMARCA,NA,4.78990099565,-74.4765045223,CUNDINAMARCA,ANOLAIMA,25
25053,ARBELÁEZ - CUNDINAMARCA,NA,4.25251039502,-74.4061620939,CUNDINAMARCA,ARBELÁEZ,25
25086,BELTRÁN - CUNDINAMARCA,NA,4.7253888126475,-74.76916547535001,CUNDINAMARCA,BELTRÁN,25
25095,BITUIMA - CUNDINAMARCA,NA,4.818994457396667,-74.53564472126666,CUNDINAMARCA,BITUIMA,25
25099,BOJACÁ - CUNDINAMARCA,NA,4.723647709385,-74.34080271355,CUNDINAMARCA,BOJACÁ,25
25120,CABRERA - CUNDINAMARCA,NA,3.98482848051,-74.4842837632,CUNDINAMARCA,CABRERA,25
25123,CACHIPAY - CUNDINAMARCA,NA,4.717948116649667,-74.45908317048706,CUNDINAMARCA,CACHIPAY,25
25126,CAJICÁ - CUNDINAMARCA,NA,4.92805735511145,-74.03064589253482,CUNDINAMARCA,CAJICÁ,25
25148,CAPARRAPÍ - CUNDINAMARCA,NA,5.395212651587,-74.52788025667,CUNDINAMARCA,CAPARRAPÍ,25
25151,CÁQUEZA - CUNDINAMARCA,NA,4.40366546922,-73.9465739177,CUNDINAMARCA,CÁQUEZA,25
25154,CARMEN DE CARUPA - CUNDINAMARCA,NA,5.34908578768,-73.9009831039,CUNDINAMARCA,CARMEN DE CARUPA,25
25168,CHAGUANÍ - CUNDINAMARCA,NA,4.94773060064,-74.592714462,CUNDINAMARCA,CHAGUANÍ,25
25175,CHÍA - CUNDINAMARCA,NA,4.862844802549676,-74.04677047168106,CUNDINAMARCA,CHÍA,25
25178,CHIPAQUE - CUNDINAMARCA,NA,4.432081715526733,-74.0351610470137,CUNDINAMARCA,CHIPAQUE,25
25181,CHOACHÍ - CUNDINAMARCA,NA,4.52901585653,-73.9229671902,CUNDINAMARCA,CHOACHÍ,25
25183,CHOCONTÁ - CUNDINAMARCA,NA,5.14485856952,-73.6832205258,CUNDINAMARCA,CHOCONTÁ,25
25200,COGUA - CUNDINAMARCA,NA,5.082583933275455,-73.97738726741818,CUNDINAMARCA,COGUA,25
25214,COTA - CUNDINAMARCA,NA,4.8087009681,-74.1029336394,CUNDINAMARCA,COTA,25
25224,CUCUNUBÁ - CUNDINAMARCA,NA,5.25059033207,-73.766310612,CUNDINAMARCA,CUCUNUBÁ,25
25245,EL COLEGIO - CUNDINAMARCA,NA,4.5655096620525,-74.43065851275,CUNDINAMARCA,EL COLEGIO,25
25258,EL PEÑÓN - CUNDINAMARCA,NA,5.263611819813334,-74.3114047054,CUNDINAMARCA,EL PEÑÓN,25
25260,EL ROSAL - CUNDINAMARCA,NA,4.8723435405275,-74.24317510835,CUNDINAMARCA,EL ROSAL,25
25269,FACATATIVÁ - CUNDINAMARCA,NA,4.829085871712353,-74.34423190044117,CUNDINAMARCA,FACATATIVÁ,25
25279,FÓMEQUE - CUNDINAMARCA,NA,4.49336301196,-73.89777918375,CUNDINAMARCA,FÓMEQUE,25
25281,FOSCA - CUNDINAMARCA,NA,4.3330135318666665,-73.93540974006666,CUNDINAMARCA,FOSCA,25
25286,FUNZA - CUNDINAMARCA,NA,4.7369281694212795,-74.19932340679992,CUNDINAMARCA,FUNZA,25
25288,FÚQUENE - CUNDINAMARCA,NA,5.409859363963333,-73.77698465366666,CUNDINAMARCA,FÚQUENE,25
25290,FUSAGASUGÁ - CUNDINAMARCA,Fusa - Cundinamarca,4.344978811496872,-74.39884782762306,CUNDINAMARCA,FUSAGASUGÁ,25
25293,GACHALÁ - CUNDINAMARCA,NA,4.684427308876667,-73.49668080066667,CUNDINAMARCA,GACHALÁ,25
25295,GACHANCIPÁ - CUNDINAMARCA,NA,4.983607361720001,-73.87989808360001,CUNDINAMARCA,GACHANCIPÁ,25
25297,GACHETÁ - CUNDINAMARCA,NA,4.840751367065,-73.62775824319999,CUNDINAMARCA,GACHETÁ,25
25299,GAMA - CUNDINAMARCA,NA,4.74310773931,-73.60563819065001,CUNDINAMARCA,GAMA,25
25307,GIRARDOT - CUNDINAMARCA,NA,4.34023174222875,-74.8048218182625,CUNDINAMARCA,GIRARDOT,25
25312,GRANADA - CUNDINAMARCA,NA,4.514264810766667,-74.35069305503333,CUNDINAMARCA,GRANADA,25
25317,GUACHETÁ - CUNDINAMARCA,NA,5.38359008958,-73.6868961185,CUNDINAMARCA,GUACHETÁ,25
25320,GUADUAS - CUNDINAMARCA,NA,5.119272912036667,-74.60464522606667,CUNDINAMARCA,GUADUAS,25
25322,GUASCA - CUNDINAMARCA,NA,4.83007007271,-73.88605857523333,CUNDINAMARCA,GUASCA,25
25324,GUATAQUÍ - CUNDINAMARCA,NA,4.498263251663333,-74.79132294813333,CUNDINAMARCA,GUATAQUÍ,25
25326,GUATAVITA - CUNDINAMARCA,NA,4.9241104366399995,-73.8097417779,CUNDINAMARCA,GUATAVITA,25
25328,GUAYABAL DE SÍQUIMA - CUNDINAMARCA,NA,4.859387023455,-74.47032463254999,CUNDINAMARCA,GUAYABAL DE SÍQUIMA,25
25335,GUAYABETAL - CUNDINAMARCA,NA,4.232045303048985,-73.83232204145598,CUNDINAMARCA,GUAYABETAL,25
25339,GUTIÉRREZ - CUNDINAMARCA,NA,4.19645865856,-74.01590872513334,CUNDINAMARCA,GUTIÉRREZ,25
25368,JERUSALÉN - CUNDINAMARCA,NA,4.56243784729,-74.6946601122,CUNDINAMARCA,JERUSALÉN,25
25372,JUNÍN - CUNDINAMARCA,NA,4.714528087161743,-73.67661160127865,CUNDINAMARCA,JUNÍN,25
25377,LA CALERA - CUNDINAMARCA,NA,4.696386507071819,-73.93379953574545,CUNDINAMARCA,LA CALERA,25
25386,LA MESA - CUNDINAMARCA,NA,4.656047488837499,-74.46726465505,CUNDINAMARCA,LA MESA,25
25394,LA PALMA - CUNDINAMARCA,NA,5.35896522525,-74.3909112772,CUNDINAMARCA,LA PALMA,25
25398,LA PEÑA - CUNDINAMARCA,NA,5.19887437828,-74.3940765359,CUNDINAMARCA,LA PEÑA,25
25402,LA VEGA - CUNDINAMARCA,NA,4.99054270397,-74.3311543673,CUNDINAMARCA,LA VEGA,25
25407,LENGUAZAQUE - CUNDINAMARCA,NA,5.30602649574,-73.7114452271,CUNDINAMARCA,LENGUAZAQUE,25
25426,MACHETÁ - CUNDINAMARCA,NA,5.0799154903,-73.6065091545,CUNDINAMARCA,MACHETÁ,25
25430,MADRID - CUNDINAMARCA,NA,4.798488571371666,-74.25934074775,CUNDINAMARCA,MADRID,25
25436,MANTA - CUNDINAMARCA,NA,5.00919863012,-73.5404699987,CUNDINAMARCA,MANTA,25
25438,MEDINA - CUNDINAMARCA,NA,4.4491326021285715,-73.38632443141428,CUNDINAMARCA,MEDINA,25
25473,MOSQUERA - CUNDINAMARCA,NA,4.68339002919058,-74.23853101883786,CUNDINAMARCA,MOSQUERA,25
25483,NARIÑO - CUNDINAMARCA,NA,4.39920338244,-74.8267466425,CUNDINAMARCA,NARIÑO,25
25486,NEMOCÓN - CUNDINAMARCA,NA,5.089341313009267,-73.88368017549584,CUNDINAMARCA,NEMOCÓN,25
25488,NILO - CUNDINAMARCA,NA,4.311157869115775,-74.59790188620082,CUNDINAMARCA,NILO,25
25489,NIMAIMA - CUNDINAMARCA,NA,5.12443484564,-74.41832584790001,CUNDINAMARCA,NIMAIMA,25
25491,NOCAIMA - CUNDINAMARCA,NA,5.061250137885,-74.38872846250001,CUNDINAMARCA,NOCAIMA,25
25506,VENECIA - CUNDINAMARCA,NA,4.067194436903334,-74.49285010923333,CUNDINAMARCA,VENECIA,25
25513,PACHO - CUNDINAMARCA,NA,5.2028202373950005,-74.18326346264999,CUNDINAMARCA,PACHO,25
25518,PAIME - CUNDINAMARCA,NA,5.37249904826,-74.17309844258,CUNDINAMARCA,PAIME,25
25524,PANDI - CUNDINAMARCA,NA,4.19123152625,-74.4867344587,CUNDINAMARCA,PANDI,25
25530,PARATEBUENO - CUNDINAMARCA,NA,4.444661760756917,-73.22298917421423,CUNDINAMARCA,PARATEBUENO,25
25535,PASCA - CUNDINAMARCA,NA,4.301663290295,-74.2895586012,CUNDINAMARCA,PASCA,25
25572,PUERTO SALGAR - CUNDINAMARCA,NA,5.6004908027900004,-74.611326594775,CUNDINAMARCA,PUERTO SALGAR,25
25580,PULÍ - CUNDINAMARCA,NA,4.688018439125001,-74.65419644155,CUNDINAMARCA,PULÍ,25
25592,QUEBRADANEGRA - CUNDINAMARCA,NA,5.1068619208633335,-74.47285121053334,CUNDINAMARCA,QUEBRADANEGRA,25
25594,QUETAME - CUNDINAMARCA,NA,4.331093891342767,-73.8620393376145,CUNDINAMARCA,QUETAME,25
25596,QUIPILE - CUNDINAMARCA,NA,4.734915328546,-74.55816832986,CUNDINAMARCA,QUIPILE,25
25599,APULO - CUNDINAMARCA,NA,4.52796012335,-74.5892974772,CUNDINAMARCA,APULO,25
25612,RICAURTE - CUNDINAMARCA,NA,4.289213597961429,-74.74105202612857,CUNDINAMARCA,RICAURTE,25
25645,SAN ANTONIO DEL TEQUENDAMA - CUNDINAMARCA,NA,4.59860496141125,-74.366470017225,CUNDINAMARCA,SAN ANTONIO DEL TEQUENDAMA,25
25649,SAN BERNARDO - CUNDINAMARCA,NA,4.160877927934999,-74.3898138985,CUNDINAMARCA,SAN BERNARDO,25
25653,SAN CAYETANO - CUNDINAMARCA,NA,5.335756271516,-74.07682348772,CUNDINAMARCA,SAN CAYETANO,25
25658,SAN FRANCISCO - CUNDINAMARCA,NA,4.97248326158,-74.2896976345,CUNDINAMARCA,SAN FRANCISCO,25
25662,SAN JUAN DE RIOSECO - CUNDINAMARCA,NA,4.841843871186667,-74.67711329426666,CUNDINAMARCA,SAN JUAN DE RIOSECO,25
25718,SASAIMA - CUNDINAMARCA,NA,4.96211397458,-74.4329479077,CUNDINAMARCA,SASAIMA,25
25736,SESQUILÉ - CUNDINAMARCA,NA,5.038125153735,-73.794474842975,CUNDINAMARCA,SESQUILÉ,25
25740,SIBATÉ - CUNDINAMARCA,NA,4.47823684911,-74.257805608,CUNDINAMARCA,SIBATÉ,25
25743,SILVANIA - CUNDINAMARCA,NA,4.4321940217249995,-74.384637893775,CUNDINAMARCA,SILVANIA,25
25745,SIMIJACA - CUNDINAMARCA,NA,5.50427819044565,-73.84237748181307,CUNDINAMARCA,SIMIJACA,25
25754,SOACHA - CUNDINAMARCA,NA,4.55177279609,-74.23282414493333,CUNDINAMARCA,SOACHA,25
25758,SOPÓ - CUNDINAMARCA,NA,4.90528823223,-73.95868526543333,CUNDINAMARCA,SOPÓ,25
25769,SUBACHOQUE - CUNDINAMARCA,NA,4.9572020614476,-74.15462791989424,CUNDINAMARCA,SUBACHOQUE,25
25772,SUESCA - CUNDINAMARCA,NA,5.1277291093525,-73.760629490325,CUNDINAMARCA,SUESCA,25
25777,SUPATÁ - CUNDINAMARCA,NA,5.04801298087,-74.25358385595,CUNDINAMARCA,SUPATÁ,25
25779,SUSA - CUNDINAMARCA,NA,5.45327943347,-73.8136833668,CUNDINAMARCA,SUSA,25
25781,SUTATAUSA - CUNDINAMARCA,NA,5.244020288775451,-73.8547856701602,CUNDINAMARCA,SUTATAUSA,25
25785,TABIO - CUNDINAMARCA,NA,4.92857139933375,-74.0943842504875,CUNDINAMARCA,TABIO,25
25793,TAUSA - CUNDINAMARCA,NA,5.18370638101,-73.9045973818,CUNDINAMARCA,TAUSA,25
25797,TENA - CUNDINAMARCA,NA,4.65262630189,-74.40204672085,CUNDINAMARCA,TENA,25
25799,TENJO - CUNDINAMARCA,NA,4.84704663854714,-74.14504614486823,CUNDINAMARCA,TENJO,25
25805,TIBACUY - CUNDINAMARCA,NA,4.3340554713,-74.47907169276667,CUNDINAMARCA,TIBACUY,25
25807,TIBIRITA - CUNDINAMARCA,NA,5.05244592211,-73.5046538029,CUNDINAMARCA,TIBIRITA,25
25815,TOCAIMA - CUNDINAMARCA,NA,4.436439107376001,-74.67631282448001,CUNDINAMARCA,TOCAIMA,25
25817,TOCANCIPÁ - CUNDINAMARCA,NA,4.9668642099342595,-73.93051148513847,CUNDINAMARCA,TOCANCIPÁ,25
25823,TOPAIPÍ - CUNDINAMARCA,NA,5.356159490003333,-74.29150854939999,CUNDINAMARCA,TOPAIPÍ,25
25839,UBALÁ - CUNDINAMARCA,NA,4.763335462825615,-73.4174562246905,CUNDINAMARCA,UBALÁ,25
25841,UBAQUE - CUNDINAMARCA,NA,4.48378896934,-73.9341737281,CUNDINAMARCA,UBAQUE,25
25843,VILLA DE SAN DIEGO DE UBATÉ - CUNDINAMARCA,NA,5.314538369732119,-73.82029450483014,CUNDINAMARCA,VILLA DE SAN DIEGO DE UBATÉ,25
25845,UNE - CUNDINAMARCA,NA,4.3521659481251,-74.0466503083028,CUNDINAMARCA,UNE,25
25851,ÚTICA - CUNDINAMARCA,NA,5.19089695391,-74.4835295388,CUNDINAMARCA,ÚTICA,25
25862,VERGARA - CUNDINAMARCA,NA,5.136993935068,-74.30242459944,CUNDINAMARCA,VERGARA,25
25867,VIANÍ - CUNDINAMARCA,NA,4.87524411005,-74.5614873454,CUNDINAMARCA,VIANÍ,25
25871,VILLAGÓMEZ - CUNDINAMARCA,NA,5.27318303948,-74.1951646544,CUNDINAMARCA,VILLAGÓMEZ,25
25873,VILLAPINZÓN - CUNDINAMARCA,NA,5.21481263033,-73.5968135965,CUNDINAMARCA,VILLAPINZÓN,25
25875,VILLETA - CUNDINAMARCA,NA,4.9950612241500005,-74.4821330391,CUNDINAMARCA,VILLETA,25
25878,VIOTÁ - CUNDINAMARCA,NA,4.4498221399925,-74.5057467196,CUNDINAMARCA,VIOTÁ,25
25885,YACOPÍ - CUNDINAMARCA,NA,5.604882467475,-74.3605784162625,CUNDINAMARCA,YACOPÍ,25
25898,ZIPACÓN - CUNDINAMARCA,NA,4.727518294556667,-74.4081546773,CUNDINAMARCA,ZIPACÓN,25
25899,ZIPAQUIRÁ - CUNDINAMARCA,NA,5.052426391015875,-74.02185432569041,CUNDINAMARCA,ZIPAQUIRÁ,25
27001,QUIBDÓ - CHOCÓ,NA,5.866072352929246,-76.49618739517638,CHOCÓ,QUIBDÓ,27
27006,ACANDÍ - CHOCÓ,NA,8.467382463883824,-77.26880745196583,CHOCÓ,ACANDÍ,27
27025,ALTO BAUDÓ - CHOCÓ,NA,5.6858205989687445,-77.08408393912705,CHOCÓ,ALTO BAUDÓ,27
27050,ATRATO - CHOCÓ,NA,5.557997387348385,-76.61764503522747,CHOCÓ,ATRATO,27
27073,BAGADÓ - CHOCÓ,NA,5.482332183240539,-76.24555965055228,CHOCÓ,BAGADÓ,27
27075,BAHÍA SOLANO - CHOCÓ,NA,6.25560564020965,-77.38348788664578,CHOCÓ,BAHÍA SOLANO,27
27077,BAJO BAUDÓ - CHOCÓ,NA,4.875424074927647,-77.29372396617647,CHOCÓ,BAJO BAUDÓ,27
27099,BOJAYÁ - CHOCÓ,NA,6.534948980358737,-76.98997912885402,CHOCÓ,BOJAYÁ,27
27135,EL CANTÓN DEL SAN PABLO - CHOCÓ,NA,5.340030848483333,-76.75526262705,CHOCÓ,EL CANTÓN DEL SAN PABLO,27
27150,CARMEN DEL DARIÉN - CHOCÓ,NA,7.0363766145418,-76.98826336703657,CHOCÓ,CARMEN DEL DARIÉN,27
27160,CÉRTEGUI - CHOCÓ,NA,5.37566831703968,-76.5581764791694,CHOCÓ,CÉRTEGUI,27
27205,CONDOTO - CHOCÓ,NA,5.05978234843375,-76.5822094646,CHOCÓ,CONDOTO,27
27245,EL CARMEN DE ATRATO - CHOCÓ,NA,5.831673978209086,-76.17866443116128,CHOCÓ,EL CARMEN DE ATRATO,27
27250,EL LITORAL DEL SAN JUAN - CHOCÓ,NA,4.2647580546377215,-77.0252137529547,CHOCÓ,EL LITORAL DEL SAN JUAN,27
27361,ISTMINA - CHOCÓ,NA,4.658238866527284,-76.95353099351472,CHOCÓ,ISTMINA,27
27372,JURADÓ - CHOCÓ,NA,6.97133822382,-77.69857741916667,CHOCÓ,JURADÓ,27
27413,LLORÓ - CHOCÓ,NA,5.5462904742810215,-76.44013523642292,CHOCÓ,LLORÓ,27
27425,MEDIO ATRATO - CHOCÓ,NA,6.023120621784025,-76.70006911551448,CHOCÓ,MEDIO ATRATO,27
27430,MEDIO BAUDÓ - CHOCÓ,NA,5.102517476385278,-76.99673723118858,CHOCÓ,MEDIO BAUDÓ,27
27450,MEDIO SAN JUAN - CHOCÓ,NA,4.670645694315625,-76.80108904338124,CHOCÓ,MEDIO SAN JUAN,27
27491,NÓVITA - CHOCÓ,NA,4.8735614551725,-76.62101962778435,CHOCÓ,NÓVITA,27
27495,NUQUÍ - CHOCÓ,NA,5.672624260040367,-77.3417024585986,CHOCÓ,NUQUÍ,27
27580,RÍO IRÓ - CHOCÓ,NA,5.1755545619250505,-76.48154050817385,CHOCÓ,RÍO IRÓ,27
27600,RÍO QUITO - CHOCÓ,NA,5.563631981944445,-76.79078773626667,CHOCÓ,RÍO QUITO,27
27615,RIOSUCIO - CHOCÓ,NA,7.41864694307754,-77.21391179919502,CHOCÓ,RIOSUCIO,27
27660,SAN JOSÉ DEL PALMAR - CHOCÓ,NA,4.890600616046667,-76.27617461119999,CHOCÓ,SAN JOSÉ DEL PALMAR,27
27745,SIPÍ - CHOCÓ,NA,4.6144248815176265,-76.55765599599275,CHOCÓ,SIPÍ,27
27787,TADÓ - CHOCÓ,NA,5.297946032507245,-76.44842660070523,CHOCÓ,TADÓ,27
27800,UNGUÍA - CHOCÓ,NA,8.131007225607467,-77.0807418255032,CHOCÓ,UNGUÍA,27
27810,UNIÓN PANAMERICANA - CHOCÓ,NA,5.24323584319,-76.64308002276,CHOCÓ,UNIÓN PANAMERICANA,27
41001,NEIVA - HUILA,NA,3.051207147593283,-75.33492084254752,HUILA,NEIVA,41
41006,ACEVEDO - HUILA,NA,1.695149869258,-76.00663726984,HUILA,ACEVEDO,41
41013,AGRADO - HUILA,NA,2.2382333176733336,-75.71949136776666,HUILA,AGRADO,41
41016,AIPE - HUILA,NA,3.266981917479917,-75.35460895091214,HUILA,AIPE,41
41020,ALGECIRAS - HUILA,NA,2.520853529138,-75.30860291056,HUILA,ALGECIRAS,41
41026,ALTAMIRA - HUILA,NA,2.0743685158533336,-75.77498226076666,HUILA,ALTAMIRA,41
41078,BARAYA - HUILA,NA,3.1490612291233333,-75.00499421506667,HUILA,BARAYA,41
41132,CAMPOALEGRE - HUILA,NA,2.6545602459579714,-75.32978896445717,HUILA,CAMPOALEGRE,41
41206,COLOMBIA - HUILA,NA,3.497760947933333,-74.7420561863,HUILA,COLOMBIA,41
41244,ELÍAS - HUILA,NA,2.017309658513333,-75.93033262963333,HUILA,ELÍAS,41
41298,GARZÓN - HUILA,NA,2.177040257210359,-75.58281216593832,HUILA,GARZÓN,41
41306,GIGANTE - HUILA,NA,2.37328999765668,-75.51792495762258,HUILA,GIGANTE,41
41319,GUADALUPE - HUILA,NA,2.0002101243638286,-75.7004544072542,HUILA,GUADALUPE,41
41349,HOBO - HUILA,NA,2.58346785394,-75.4526284391,HUILA,HOBO,41
41357,ÍQUIRA - HUILA,NA,2.7151602756875,-75.70254643845,HUILA,ÍQUIRA,41
41359,ISNOS - HUILA,NA,1.9968652732842331,-76.2542292647816,HUILA,ISNOS,41
41378,LA ARGENTINA - HUILA,NA,2.1778450067533335,-76.01452815186667,HUILA,LA ARGENTINA,41
41396,LA PLATA - HUILA,NA,2.3122753004575003,-75.98610304179999,HUILA,LA PLATA,41
41483,NÁTAGA - HUILA,NA,2.5704162280775003,-75.79244216465,HUILA,NÁTAGA,41
41503,OPORAPA - HUILA,NA,2.0517782001885,-76.02138405723947,HUILA,OPORAPA,41
41518,PAICOL - HUILA,NA,2.43552450737,-75.73394866296667,HUILA,PAICOL,41
41524,PALERMO - HUILA,NA,2.85245493943,-75.4232305052,HUILA,PALERMO,41
41530,PALESTINA - HUILA,NA,1.72319912364,-76.1328690995,HUILA,PALESTINA,41
41548,PITAL - HUILA,NA,2.279749911126667,-75.82309658383333,HUILA,PITAL,41
41551,PITALITO - HUILA,NA,1.84761322297633,-76.10575459534674,HUILA,PITALITO,41
41615,RIVERA - HUILA,NA,2.791017339316,-75.23588195564,HUILA,RIVERA,41
41660,SALADOBLANCO - HUILA,NA,2.0192667463533334,-76.12149953583334,HUILA,SALADOBLANCO,41
41668,SAN AGUSTÍN - HUILA,NA,1.9163718233014666,-76.3642886303336,HUILA,SAN AGUSTÍN,41
41676,SANTA MARÍA - HUILA,NA,2.92406104305,-75.61093659184999,HUILA,SANTA MARÍA,41
41770,SUAZA - HUILA,NA,1.9008256595122401,-75.81852060179108,HUILA,SUAZA,41
41791,TARQUI - HUILA,NA,2.0757123446625,-75.89620203449999,HUILA,TARQUI,41
41797,TESALIA - HUILA,NA,2.5469094386,-75.7130318271,HUILA,TESALIA,41
41799,TELLO - HUILA,NA,3.0140874286683332,-75.06129569041667,HUILA,TELLO,41
41801,TERUEL - HUILA,NA,2.74125546099,-75.5677286846,HUILA,TERUEL,41
41807,TIMANÁ - HUILA,NA,1.9588789021272728,-75.9131087193091,HUILA,TIMANÁ,41
41872,VILLAVIEJA - HUILA,NA,3.276116151826667,-75.19202959021666,HUILA,VILLAVIEJA,41
41885,YAGUARÁ - HUILA,NA,2.66479668805,-75.5182961686,HUILA,YAGUARÁ,41
44001,RIOHACHA - LA GUAJIRA,NA,11.241832906149407,-72.97498333501613,LA GUAJIRA,RIOHACHA,44
44035,ALBANIA - LA GUAJIRA,NA,11.196072592332015,-72.54308926220158,LA GUAJIRA,ALBANIA,44
44078,BARRANCAS - LA GUAJIRA,NA,10.963544232034236,-72.74455516590827,LA GUAJIRA,BARRANCAS,44
44090,DIBULLA - LA GUAJIRA,NA,11.189918769355527,-73.37587183924953,LA GUAJIRA,DIBULLA,44
44098,DISTRACCIÓN - LA GUAJIRA,NA,10.9158799564027,-72.9291008600225,LA GUAJIRA,DISTRACCIÓN,44
44110,EL MOLINO - LA GUAJIRA,NA,10.651063157,-72.9216582848,LA GUAJIRA,EL MOLINO,44
44279,FONSECA - LA GUAJIRA,NA,10.847010897667662,-72.81909097300098,LA GUAJIRA,FONSECA,44
44378,HATONUEVO - LA GUAJIRA,NA,11.089888178795208,-72.75504512457378,LA GUAJIRA,HATONUEVO,44
44420,LA JAGUA DEL PILAR - LA GUAJIRA,NA,10.48353342135,-73.05453637635,LA GUAJIRA,LA JAGUA DEL PILAR,44
44430,MAICAO - LA GUAJIRA,NA,11.344861230085307,-72.29127692868734,LA GUAJIRA,MAICAO,44
44560,MANAURE - LA GUAJIRA,NA,11.609417027772647,-72.59381708605939,LA GUAJIRA,MANAURE,44
44650,SAN JUAN DEL CESAR - LA GUAJIRA,NA,10.793621074752421,-73.04403126411638,LA GUAJIRA,SAN JUAN DEL CESAR,44
44847,URIBIA - LA GUAJIRA,NA,12.02670069621451,-71.7778877190847,LA GUAJIRA,URIBIA,44
44855,URUMITA - LA GUAJIRA,NA,10.5599833381,-73.0133716879,LA GUAJIRA,URUMITA,44
44874,VILLANUEVA - LA GUAJIRA,NA,10.610184984,-72.9775939067,LA GUAJIRA,VILLANUEVA,44
47001,SANTA MARTA - MAGDALENA,NA,11.198350494029523,-73.9148177134209,MAGDALENA,SANTA MARTA,47
47030,ALGARROBO - MAGDALENA,NA,10.263604270025466,-74.06719462190921,MAGDALENA,ALGARROBO,47
47053,ARACATACA - MAGDALENA,NA,10.601232103852828,-74.05312619272259,MAGDALENA,ARACATACA,47
47058,ARIGUANÍ - MAGDALENA,NA,9.881745648696667,-74.08561602821666,MAGDALENA,ARIGUANÍ,47
47161,CERRO DE SAN ANTONIO - MAGDALENA,NA,10.297379933588417,-74.8350565818661,MAGDALENA,CERRO DE SAN ANTONIO,47
47170,CHIVOLO - MAGDALENA,NA,10.072288857081867,-74.5273881709052,MAGDALENA,CHIVOLO,47
47189,CIÉNAGA - MAGDALENA,NA,10.92932790601111,-74.13824258866667,MAGDALENA,CIÉNAGA,47
47205,CONCORDIA - MAGDALENA,NA,10.24596375675,-74.808014660975,MAGDALENA,CONCORDIA,47
47245,EL BANCO - MAGDALENA,NA,9.098551785076957,-74.01358528725652,MAGDALENA,EL BANCO,47
47258,EL PIÑÓN - MAGDALENA,NA,10.3518619811,-74.6866503262,MAGDALENA,EL PIÑÓN,47
47268,EL RETÉN - MAGDALENA,NA,10.6287191563184,-74.30188467763269,MAGDALENA,EL RETÉN,47
47288,FUNDACIÓN - MAGDALENA,NA,10.451202477454238,-73.9895090252654,MAGDALENA,FUNDACIÓN,47
47318,GUAMAL - MAGDALENA,NA,9.236908477400455,-74.17313277975,MAGDALENA,GUAMAL,47
47460,NUEVA GRANADA - MAGDALENA,NA,9.726343608172499,-74.36262622669352,MAGDALENA,NUEVA GRANADA,47
47541,PEDRAZA - MAGDALENA,NA,10.13183722774,-74.85960669392,MAGDALENA,PEDRAZA,47
47545,PIJIÑO DEL CARMEN - MAGDALENA,NA,9.46767324349375,-74.2411420153,MAGDALENA,PIJIÑO DEL CARMEN,47
47551,PIVIJAY - MAGDALENA,NA,10.407719131903823,-74.4525145671228,MAGDALENA,PIVIJAY,47
47555,PLATO - MAGDALENA,NA,9.733041188824657,-74.67707823221444,MAGDALENA,PLATO,47
47570,PUEBLOVIEJO - MAGDALENA,NA,10.89579195863,-74.31226194449,MAGDALENA,PUEBLOVIEJO,47
47605,REMOLINO - MAGDALENA,NA,10.6065701263875,-74.643459787725,MAGDALENA,REMOLINO,47
47660,SABANAS DE SAN ÁNGEL - MAGDALENA,NA,10.0875286102016,-74.28891690142795,MAGDALENA,SABANAS DE SAN ÁNGEL,47
47675,SALAMINA - MAGDALENA,NA,10.5078358479925,-74.7223537815898,MAGDALENA,SALAMINA,47
47692,SAN SEBASTIÁN DE BUENAVISTA - MAGDALENA,NA,9.3013631170926665,-74.24936203266,MAGDALENA,SAN SEBASTIÁN DE BUENAVISTA,47
47703,SAN ZENÓN - MAGDALENA,NA,9.286725413523637,-74.38964312763636,MAGDALENA,SAN ZENÓN,47
47707,SANTA ANA - MAGDALENA,NA,9.372094082636,-74.54779914548,MAGDALENA,SANTA ANA,47
47720,SANTA BÁRBARA DE PINTO - MAGDALENA,NA,9.481593092060567,-74.6796588098214,MAGDALENA,SANTA BÁRBARA DE PINTO,47
47745,SITIONUEVO - MAGDALENA,NA,10.87696109504,-74.68705109424,MAGDALENA,SITIONUEVO,47
47798,TENERIFE - MAGDALENA,NA,9.924270619796,-74.79964800628,MAGDALENA,TENERIFE,47
47960,ZAPAYÁN - MAGDALENA,NA,10.156603428142443,-74.70022988280013,MAGDALENA,ZAPAYÁN,47
47980,ZONA BANANERA - MAGDALENA,NA,10.796685086556614,-74.16955311056074,MAGDALENA,ZONA BANANERA,47
50001,VILLAVICENCIO - META,NA,4.092659968965926,-73.53246285973333,META,VILLAVICENCIO,50
50006,ACACÍAS - META,NA,3.9776464882501714,-73.68791967533389,META,ACACÍAS,50
50110,BARRANCA DE UPÍA - META,NA,4.60096131745,-72.9970922453,META,BARRANCA DE UPÍA,50
50124,CABUYARO - META,NA,4.343727464155,-72.87690689555001,META,CABUYARO,50
50150,CASTILLA LA NUEVA - META,NA,3.8098985838168,-73.566049722599,META,CASTILLA LA NUEVA,50
50223,CUBARRAL - META,NA,3.78624010331,-73.84588113165,META,CUBARRAL,50
50226,CUMARAL - META,NA,4.251283344828,-73.39483339886,META,CUMARAL,50
50245,EL CALVARIO - META,NA,4.351189368903975,-73.70701600663382,META,EL CALVARIO,50
50251,EL CASTILLO - META,NA,3.5977931392549998,-73.85311847437501,META,EL CASTILLO,50
50270,EL DORADO - META,NA,3.7144169245766667,-73.81616703223332,META,EL DORADO,50
50287,FUENTEDEORO - META,NA,3.3824026200174777,-73.56643792828127,META,FUENTEDEORO,50
50313,GRANADA - META,NA,3.483710678210443,-73.76153027524869,META,GRANADA,50
50318,GUAMAL - META,NA,3.8474579442800003,-73.76032151935,META,GUAMAL,50
50325,MAPIRIPÁN - META,NA,3.03545294137828,-71.989582642684,META,MAPIRIPÁN,50
50330,MESETAS - META,NA,3.20699230455,-74.124899082325,META,MESETAS,50
50350,LA MACARENA - META,NA,2.1561411666749066,-74.14308773408976,META,LA MACARENA,50
50370,URIBE - META,NA,3.0970798076533335,-74.4076531938,META,URIBE,50
50400,LEJANÍAS - META,NA,3.51836691621,-73.99199430063334,META,LEJANÍAS,50
50450,PUERTO CONCORDIA - META,NA,2.71997706252195,-72.72960176346355,META,PUERTO CONCORDIA,50
50568,PUERTO GAITÁN - META,NA,4.21749478594151,-71.61802725049553,META,PUERTO GAITÁN,50
50573,PUERTO LÓPEZ - META,NA,4.081036809914545,-72.89744090228182,META,PUERTO LÓPEZ,50
50577,PUERTO LLERAS - META,NA,3.1782573305252857,-73.263031167795,META,PUERTO LLERAS,50
50590,PUERTO RICO - META,NA,2.8290992960785712,-73.16010041835715,META,PUERTO RICO,50
50606,RESTREPO - META,NA,4.26098099897,-73.5640849963,META,RESTREPO,50
50680,SAN CARLOS DE GUAROA - META,NA,3.843622767795,-73.229877997,META,SAN CARLOS DE GUAROA,50
50683,SAN JUAN DE ARAMA - META,NA,3.3528391004929574,-73.85650117460956,META,SAN JUAN DE ARAMA,50
50686,SAN JUANITO - META,NA,4.44437837712,-73.666808801,META,SAN JUANITO,50
50689,SAN MARTÍN - META,NA,3.635131061755025,-73.22440337880512,META,SAN MARTÍN,50
50711,VISTAHERMOSA - META,NA,2.966794675761365,-73.74204196943744,META,VISTAHERMOSA,50
52001,PASTO - NARIÑO,San Juan de Pasto - Nariño|San Juan de Pasto|Pasto|Pasto Nariño,1.1602968547584445,-77.26402594832666,NARIÑO,PASTO,52
52019,ALBÁN - NARIÑO,NA,1.4712982292149999,-77.07162219132499,NARIÑO,ALBÁN,52
52022,ALDANA - NARIÑO,NA,0.9031964087812,-77.69714274071066,NARIÑO,ALDANA,52
52036,ANCUYÁ - NARIÑO,NA,1.2538522060877,-77.52288465004119,NARIÑO,ANCUYÁ,52
52051,ARBOLEDA - NARIÑO,NA,1.4839895075643166,-77.13093336776762,NARIÑO,ARBOLEDA,52
52079,BARBACOAS - NARIÑO,NA,1.5982624364021052,-78.08360884712631,NARIÑO,BARBACOAS,52
52083,BELÉN - NARIÑO,NA,1.610243108765,-77.04137129360001,NARIÑO,BELÉN,52
52110,BUESACO - NARIÑO,NA,1.3307504063825,-77.12710940248334,NARIÑO,BUESACO,52
52203,COLÓN - NARIÑO,NA,1.6494277053025002,-77.042252991,NARIÑO,COLÓN,52
52207,CONSACÁ - NARIÑO,NA,1.21400202613782,-77.4611449358195,NARIÑO,CONSACÁ,52
52210,CONTADERO - NARIÑO,NA,0.924078926233,-77.53439276793334,NARIÑO,CONTADERO,52
52215,CÓRDOBA - NARIÑO,NA,0.80507110979725,-77.41182124497499,NARIÑO,CÓRDOBA,52
52224,CUASPÚD - NARIÑO,NA,0.863204501581,-77.7262251673,NARIÑO,CUASPÚD,52
52227,CUMBAL - NARIÑO,NA,0.8963638448372142,-77.89735343524846,NARIÑO,CUMBAL,52
52233,CUMBITARA - NARIÑO,NA,1.715514425962811,-77.59357928754571,NARIÑO,CUMBITARA,52
52240,CHACHAGÜÍ - NARIÑO,NA,1.3844622748823636,-77.27041351424594,NARIÑO,CHACHAGÜÍ,52
52250,EL CHARCO - NARIÑO,NA,2.41645666657,-78.109096568925,NARIÑO,EL CHARCO,52
52254,EL PEÑOL - NARIÑO,NA,1.48293665059708,-77.43432643261488,NARIÑO,EL PEÑOL,52
52256,EL ROSARIO - NARIÑO,NA,1.8577807252893714,-77.4493850105422,NARIÑO,EL ROSARIO,52
52258,EL TABLÓN DE GÓMEZ - NARIÑO,NA,1.4228927125233333,-77.03110757316666,NARIÑO,EL TABLÓN DE GÓMEZ,52
52260,EL TAMBO - NARIÑO,NA,1.40798382917,-77.390751149,NARIÑO,EL TAMBO,52
52287,FUNES - NARIÑO,NA,0.9771294244645,-77.41979583464999,NARIÑO,FUNES,52
52317,GUACHUCAL - NARIÑO,NA,0.973953646397325,-77.74157546088425,NARIÑO,GUACHUCAL,52
52320,GUAITARILLA - NARIÑO,NA,1.13655489183,-77.546649995,NARIÑO,GUAITARILLA,52
52323,GUALMATÁN - NARIÑO,NA,0.9240225743335,-77.5746037361,NARIÑO,GUALMATÁN,52
52352,ILES - NARIÑO,NA,0.9779286642944,-77.51939682101424,NARIÑO,ILES,52
52354,IMUÉS - NARIÑO,NA,1.047849760708,-77.4899368207,NARIÑO,IMUÉS,52
52356,IPIALES - NARIÑO,NA,0.7076561075559583,-77.49614715095834,NARIÑO,IPIALES,52
52378,LA CRUZ - NARIÑO,NA,1.59299323793,-76.93909253769999,NARIÑO,LA CRUZ,52
52381,LA FLORIDA - NARIÑO,NA,1.33767105534035,-77.40152440290466,NARIÑO,LA FLORIDA,52
52385,LA LLANADA - NARIÑO,NA,1.5194785655443666,-77.64155606318646,NARIÑO,LA LLANADA,52
52390,LA TOLA - NARIÑO,NA,2.48973166338748,-78.22047196289981,NARIÑO,LA TOLA,52
52399,LA UNIÓN - NARIÑO,NA,1.619750127628311,-77.1364778859224,NARIÑO,LA UNIÓN,52
52405,LEIVA - NARIÑO,NA,1.940193224353,-77.32133650675,NARIÑO,LEIVA,52
52411,LINARES - NARIÑO,NA,1.3886728876637715,-77.5250790090108,NARIÑO,LINARES,52
52418,LOS ANDES - NARIÑO,NA,1.49420521996,-77.5210875385,NARIÑO,LOS ANDES,52
52427,MAGÜÍ - NARIÑO,NA,1.846077309672857,-78.1740457514,NARIÑO,MAGÜÍ,52
52435,MALLAMA - NARIÑO,NA,1.1279667964716666,-77.87511840479999,NARIÑO,MALLAMA,52
52473,MOSQUERA - NARIÑO,NA,2.4415194980614285,-78.43761373526428,NARIÑO,MOSQUERA,52
52480,NARIÑO - NARIÑO,NA,1.28964559756,-77.359664699,NARIÑO,NARIÑO,52
52490,OLAYA HERRERA - NARIÑO,NA,2.306041224457077,-78.29434294764908,NARIÑO,OLAYA HERRERA,52
52506,OSPINA - NARIÑO,NA,1.0394754798,-77.5570283884,NARIÑO,OSPINA,52
52520,FRANCISCO PIZARRO - NARIÑO,NA,2.087742625412,-78.61096694236,NARIÑO,FRANCISCO PIZARRO,52
52540,POLICARPA - NARIÑO,NA,1.7268697873001182,-77.485807334731,NARIÑO,POLICARPA,52
52560,POTOSÍ - NARIÑO,NA,0.7502834059036,-77.46515713062,NARIÑO,POTOSÍ,52
52565,PROVIDENCIA - NARIÑO,NA,1.236115581765,-77.59759147855,NARIÑO,PROVIDENCIA,52
52573,PUERRES - NARIÑO,NA,0.8405348220146667,-77.3569108473806,NARIÑO,PUERRES,52
52585,PUPIALES - NARIÑO,NA,0.8880076714825,-77.62426636194999,NARIÑO,PUPIALES,52
52612,RICAURTE - NARIÑO,NA,1.1932683850567858,-78.04561014598212,NARIÑO,RICAURTE,52
52621,ROBERTO PAYÁN - NARIÑO,NA,1.806173910728,-78.29937724856,NARIÑO,ROBERTO PAYÁN,52
52678,SAMANIEGO - NARIÑO,NA,1.42125545789108,-77.7077154606664,NARIÑO,SAMANIEGO,52
52683,SANDONÁ - NARIÑO,NA,1.288233812432889,-77.4555668041569,NARIÑO,SANDONÁ,52
52685,SAN BERNARDO - NARIÑO,NA,1.5246654689874668,-77.02950120694386,NARIÑO,SAN BERNARDO,52
52687,SAN LORENZO - NARIÑO,NA,1.5466995373346,-77.212276973608,NARIÑO,SAN LORENZO,52
52693,SAN PABLO - NARIÑO,NA,1.6703960093205001,-76.98210812033145,NARIÑO,SAN PABLO,52
52694,SAN PEDRO DE CARTAGO - NARIÑO,NA,1.544458124035,-77.1110676365,NARIÑO,SAN PEDRO DE CARTAGO,52
52696,SANTA BÁRBARA - NARIÑO,NA,2.3666573204702717,-77.91478108959888,NARIÑO,SANTA BÁRBARA,52
52699,SANTACRUZ - NARIÑO,NA,1.2483309101333333,-77.6915024021,NARIÑO,SANTACRUZ,52
52720,SAPUYES - NARIÑO,NA,1.0403335699210001,-77.66458015389257,NARIÑO,SAPUYES,52
52786,TAMINANGO - NARIÑO,NA,1.589905126641477,-77.32858056381701,NARIÑO,TAMINANGO,52
52788,TANGUA - NARIÑO,NA,1.0850656395,-77.35538269144999,NARIÑO,TANGUA,52
52835,SAN ANDRÉS DE TUMACO - NARIÑO,NA,1.663796386911106,-78.67196186836931,NARIÑO,SAN ANDRÉS DE TUMACO,52
52838,TÚQUERRES - NARIÑO,NA,1.1161015852642857,-77.62335775881428,NARIÑO,TÚQUERRES,52
52885,YACUANQUER - NARIÑO,NA,1.1219031305833334,-77.41713187316667,NARIÑO,YACUANQUER,52
54001,CÚCUTA - NORTE DE SANTANDER,NA,8.139068780978823,-72.46298983000588,NORTE DE SANTANDER,CÚCUTA,54
54003,ÁBREGO - NORTE DE SANTANDER,NA,8.05021250035,-73.1898038328,NORTE DE SANTANDER,ÁBREGO,54
54051,ARBOLEDAS - NORTE DE SANTANDER,NA,7.618092158786666,-72.85823492876666,NORTE DE SANTANDER,ARBOLEDAS,54
54099,BOCHALEMA - NORTE DE SANTANDER,NA,7.63636640601725,-72.64288418815183,NORTE DE SANTANDER,BOCHALEMA,54
54109,BUCARASICA - NORTE DE SANTANDER,NA,8.08508007354,-72.9186067393,NORTE DE SANTANDER,BUCARASICA,54
54125,CÁCOTA - NORTE DE SANTANDER,NA,7.26865159993,-72.6424728775,NORTE DE SANTANDER,CÁCOTA,54
54128,CÁCHIRA - NORTE DE SANTANDER,NA,7.702137984718,-73.08283194082,NORTE DE SANTANDER,CÁCHIRA,54
54172,CHINÁCOTA - NORTE DE SANTANDER,NA,7.5864682005881505,-72.58685335214653,NORTE DE SANTANDER,CHINÁCOTA,54
54174,CHITAGÁ - NORTE DE SANTANDER,NA,7.062684478944,-72.58459287976,NORTE DE SANTANDER,CHITAGÁ,54
54206,CONVENCIÓN - NORTE DE SANTANDER,NA,8.729306710480909,-73.25892561221818,NORTE DE SANTANDER,CONVENCIÓN,54
54223,CUCUTILLA - NORTE DE SANTANDER,NA,7.550902259526667,-72.77096785013333,NORTE DE SANTANDER,CUCUTILLA,54
54239,DURANIA - NORTE DE SANTANDER,NA,7.74043497519896,-72.66890520765152,NORTE DE SANTANDER,DURANIA,54
54245,EL CARMEN - NORTE DE SANTANDER,NA,8.6513081798000009,-73.42016764993333,NORTE DE SANTANDER,EL CARMEN,54
54250,EL TARRA - NORTE DE SANTANDER,NA,8.664914856535875,-73.03979753649216,NORTE DE SANTANDER,EL TARRA,54
54261,EL ZULIA - NORTE DE SANTANDER,NA,8.065065826333333,-72.62912468517683,NORTE DE SANTANDER,EL ZULIA,54
54313,GRAMALOTE - NORTE DE SANTANDER,NA,7.9002011002422,-72.80380718630207,NORTE DE SANTANDER,GRAMALOTE,54
54344,HACARÍ - NORTE DE SANTANDER,NA,8.353874057604,-73.09185279776001,NORTE DE SANTANDER,HACARÍ,54
54347,HERRÁN - NORTE DE SANTANDER,NA,7.50618537707,-72.4831712064,NORTE DE SANTANDER,HERRÁN,54
54377,LABATECA - NORTE DE SANTANDER,NA,7.29939120651,-72.4949268328,NORTE DE SANTANDER,LABATECA,54
54385,LA ESPERANZA - NORTE DE SANTANDER,NA,7.685208438068167,-73.34394204635048,NORTE DE SANTANDER,LA ESPERANZA,54
54398,LA PLAYA - NORTE DE SANTANDER,NA,8.250276332003335,-73.2069932966,NORTE DE SANTANDER,LA PLAYA,54
54405,LOS PATIOS - NORTE DE SANTANDER,NA,7.7578813892473,-72.52731865635535,NORTE DE SANTANDER,LOS PATIOS,54
54418,LOURDES - NORTE DE SANTANDER,NA,7.94523586891,-72.8320469133,NORTE DE SANTANDER,LOURDES,54
54480,MUTISCUA - NORTE DE SANTANDER,NA,7.311378005527834,-72.7612379037722,NORTE DE SANTANDER,MUTISCUA,54
54498,OCAÑA - NORTE DE SANTANDER,NA,8.268570605453267,-73.359909925357,NORTE DE SANTANDER,OCAÑA,54
54518,PAMPLONA - NORTE DE SANTANDER,NA,7.37519414845,-72.648211059,NORTE DE SANTANDER,PAMPLONA,54
54520,PAMPLONITA - NORTE DE SANTANDER,NA,7.467127383221567,-72.63624250879269,NORTE DE SANTANDER,PAMPLONITA,54
54553,PUERTO SANTANDER - NORTE DE SANTANDER,NA,8.345153665768,-72.41027028835884,NORTE DE SANTANDER,PUERTO SANTANDER,54
54599,RAGONVALIA - NORTE DE SANTANDER,NA,7.58640863450165,-72.4917927501602,NORTE DE SANTANDER,RAGONVALIA,54
54660,SALAZAR - NORTE DE SANTANDER,NA,7.80863218794664,-72.84240008709082,NORTE DE SANTANDER,SALAZAR,54
54670,SAN CALIXTO - NORTE DE SANTANDER,NA,8.463863449871816,-73.1494309957604,NORTE DE SANTANDER,SAN CALIXTO,54
54673,SAN CAYETANO - NORTE DE SANTANDER,NA,7.869578617657175,-72.62061905725378,NORTE DE SANTANDER,SAN CAYETANO,54
54680,SANTIAGO - NORTE DE SANTANDER,NA,7.86444785684,-72.717069145,NORTE DE SANTANDER,SANTIAGO,54
54720,SARDINATA - NORTE DE SANTANDER,NA,8.17402994540143,-72.80606781772858,NORTE DE SANTANDER,SARDINATA,54
54743,SILOS - NORTE DE SANTANDER,NA,7.19015547714186,-72.74800811142438,NORTE DE SANTANDER,SILOS,54
54800,TEORAMA - NORTE DE SANTANDER,NA,8.579370294096,-73.23084213946,NORTE DE SANTANDER,TEORAMA,54
54810,TIBÚ - NORTE DE SANTANDER,NA,8.698234656113334,-72.78666024875072,NORTE DE SANTANDER,TIBÚ,54
54820,TOLEDO - NORTE DE SANTANDER,NA,7.19805374428,-72.363606844825,NORTE DE SANTANDER,TOLEDO,54
54871,VILLA CARO - NORTE DE SANTANDER,NA,7.91436950403,-72.9729238448,NORTE DE SANTANDER,VILLA CARO,54
54874,VILLA DEL ROSARIO - NORTE DE SANTANDER,NA,7.7741540960333335,-72.48269509443334,NORTE DE SANTANDER,VILLA DEL ROSARIO,54
63001,ARMENIA - QUINDÍO,NA,4.499912851501236,-75.72051829064407,QUINDÍO,ARMENIA,63
63111,BUENAVISTA - QUINDÍO,NA,4.3619925864399995,-75.7410603344,QUINDÍO,BUENAVISTA,63
63130,CALARCÁ - QUINDÍO,NA,4.476670843483166,-75.662543829022,QUINDÍO,CALARCÁ,63
63190,CIRCASIA - QUINDÍO,NA,4.605343592605625,-75.66539251929694,QUINDÍO,CIRCASIA,63
63212,CÓRDOBA - QUINDÍO,NA,4.39327278702,-75.6876461954,QUINDÍO,CÓRDOBA,63
63272,FILANDIA - QUINDÍO,NA,4.690834891065,-75.68150767255,QUINDÍO,FILANDIA,63
63302,GÉNOVA - QUINDÍO,NA,4.2077456618,-75.7895561047,QUINDÍO,GÉNOVA,63
63401,LA TEBAIDA - QUINDÍO,NA,4.440513668311134,-75.81264063011594,QUINDÍO,LA TEBAIDA,63
63470,MONTENEGRO - QUINDÍO,NA,4.5258267283464,-75.81111494474881,QUINDÍO,MONTENEGRO,63
63548,PIJAO - QUINDÍO,NA,4.32473488057,-75.74740596883333,QUINDÍO,PIJAO,63
63594,QUIMBAYA - QUINDÍO,NA,4.610668936359,-75.78591444762145,QUINDÍO,QUIMBAYA,63
63690,SALENTO - QUINDÍO,NA,4.62984847542416,-75.56100554783076,QUINDÍO,SALENTO,63
66001,PEREIRA - RISARALDA,NA,4.783060994085624,-75.72468998154469,RISARALDA,PEREIRA,66
66045,APÍA - RISARALDA,NA,5.12200417871,-75.94893642313333,RISARALDA,APÍA,66
66075,BALBOA - RISARALDA,NA,4.9289266067065,-75.95870359985727,RISARALDA,BALBOA,66
66088,BELÉN DE UMBRÍA - RISARALDA,NA,5.19793942958,-75.8596452021,RISARALDA,BELÉN DE UMBRÍA,66
66170,DOSQUEBRADAS - RISARALDA,NA,4.836315441122117,-75.66770752488324,RISARALDA,DOSQUEBRADAS,66
66318,GUÁTICA - RISARALDA,NA,5.3066992787775,-75.80817379195,RISARALDA,GUÁTICA,66
66383,LA CELIA - RISARALDA,NA,4.999011223575,-75.9915969864,RISARALDA,LA CELIA,66
66400,LA VIRGINIA - RISARALDA,NA,4.908675910225,-75.85305467805,RISARALDA,LA VIRGINIA,66
66440,MARSELLA - RISARALDA,NA,4.944710282759943,-75.75022019324403,RISARALDA,MARSELLA,66
66456,MISTRATÓ - RISARALDA,NA,5.406616367121963,-75.95510142925676,RISARALDA,MISTRATÓ,66
66572,PUEBLO RICO - RISARALDA,NA,5.293331411433333,-76.05852145983333,RISARALDA,PUEBLO RICO,66
66594,QUINCHÍA - RISARALDA,NA,5.3236779917111114,-75.70717342724444,RISARALDA,QUINCHÍA,66
66682,SANTA ROSA DE CABAL - RISARALDA,NA,4.8831064124262,-75.61242073060946,RISARALDA,SANTA ROSA DE CABAL,66
66687,SANTUARIO - RISARALDA,NA,5.0427752583818,-75.96120872696748,RISARALDA,SANTUARIO,66
68001,BUCARAMANGA - SANTANDER,NA,7.150325748487166,-73.11503101543808,SANTANDER,BUCARAMANGA,68
68013,AGUADA - SANTANDER,NA,6.16212560851,-73.5214455038,SANTANDER,AGUADA,68
68020,ALBANIA - SANTANDER,NA,5.7958219183625,-73.8211623177,SANTANDER,ALBANIA,68
68051,ARATOCA - SANTANDER,NA,6.707889857743334,-73.0136543958,SANTANDER,ARATOCA,68
68077,BARBOSA - SANTANDER,NA,5.95254784686994,-73.61817301139621,SANTANDER,BARBOSA,68
68079,BARICHARA - SANTANDER,NA,6.65691621108,-73.23129031549999,SANTANDER,BARICHARA,68
68081,BARRANCABERMEJA - SANTANDER,NA,7.058208670609326,-73.78130274403614,SANTANDER,BARRANCABERMEJA,68
68092,BETULIA - SANTANDER,NA,7.0355645255263255,-73.38374311879737,SANTANDER,BETULIA,68
68101,BOLÍVAR - SANTANDER,NA,6.148830761608889,-73.8875227969,SANTANDER,BOLÍVAR,68
68121,CABRERA - SANTANDER,NA,6.59172637074,-73.2465433026,SANTANDER,CABRERA,68
68132,CALIFORNIA - SANTANDER,NA,7.33965838166,-72.94758112024999,SANTANDER,CALIFORNIA,68
68147,CAPITANEJO - SANTANDER,NA,6.53056931982,-72.6956351621,SANTANDER,CAPITANEJO,68
68152,CARCASÍ - SANTANDER,NA,6.63916982581,-72.60772447295,SANTANDER,CARCASÍ,68
68160,CEPITÁ - SANTANDER,NA,6.75340228765,-72.9745168494,SANTANDER,CEPITÁ,68
68162,CERRITO - SANTANDER,NA,6.83118932358,-72.69665500085,SANTANDER,CERRITO,68
68167,CHARALÁ - SANTANDER,NA,6.261274984551633,-73.12909082131934,SANTANDER,CHARALÁ,68
68169,CHARTA - SANTANDER,NA,7.28125240984,-72.9684479094,SANTANDER,CHARTA,68
68176,CHIMA - SANTANDER,NA,6.34191503599,-73.3728971006,SANTANDER,CHIMA,68
68179,CHIPATÁ - SANTANDER,NA,6.065268818999151,-73.634837268661,SANTANDER,CHIPATÁ,68
68190,CIMITARRA - SANTANDER,NA,6.38690957205909,-74.19924667133355,SANTANDER,CIMITARRA,68
68207,CONCEPCIÓN - SANTANDER,NA,6.76894002245,-72.6942957138,SANTANDER,CONCEPCIÓN,68
68209,CONFINES - SANTANDER,NA,6.3573553496,-73.2410236941,SANTANDER,CONFINES,68
68211,CONTRATACIÓN - SANTANDER,NA,6.297619852375,-73.5233135188,SANTANDER,CONTRATACIÓN,68
68217,COROMORO - SANTANDER,NA,6.267168396004999,-73.05919031900001,SANTANDER,COROMORO,68
68229,CURITÍ - SANTANDER,NA,6.60459799378,-73.0689588035,SANTANDER,CURITÍ,68
68235,EL CARMEN DE CHUCURÍ - SANTANDER,NA,6.669452240042533,-73.55485198580942,SANTANDER,EL CARMEN DE CHUCURÍ,68
68245,EL GUACAMAYO - SANTANDER,NA,6.26684957288,-73.5486035614,SANTANDER,EL GUACAMAYO,68
68250,EL PEÑÓN - SANTANDER,NA,6.10494210217,-73.9427616251,SANTANDER,EL PEÑÓN,68
68255,EL PLAYÓN - SANTANDER,NA,7.530316535028,-73.19313404736,SANTANDER,EL PLAYÓN,68
68264,ENCINO - SANTANDER,NA,6.13821535533,-73.0992984673,SANTANDER,ENCINO,68
68266,ENCISO - SANTANDER,NA,6.6578317544250005,-72.70333407455,SANTANDER,ENCISO,68
68271,FLORIÁN - SANTANDER,NA,5.801415836633334,-73.96230628696667,SANTANDER,FLORIÁN,68
68276,FLORIDABLANCA - SANTANDER,NA,7.0752018077444,-73.07219819890794,SANTANDER,FLORIDABLANCA,68
68296,GALÁN - SANTANDER,NA,6.63889865327,-73.287914592,SANTANDER,GALÁN,68
68298,GÁMBITA - SANTANDER,NA,5.90687634869,-73.36360804075,SANTANDER,GÁMBITA,68
68307,GIRÓN - SANTANDER,NA,7.0626598602167,-73.22928948406597,SANTANDER,GIRÓN,68
68318,GUACA - SANTANDER,NA,6.928315227564999,-72.83604198855,SANTANDER,GUACA,68
68320,GUADALUPE - SANTANDER,NA,6.24007457781,-73.4139488997,SANTANDER,GUADALUPE,68
68322,GUAPOTÁ - SANTANDER,NA,6.3083874905,-73.3209067076,SANTANDER,GUAPOTÁ,68
68324,GUAVATÁ - SANTANDER,NA,5.95507658691,-73.6999151414,SANTANDER,GUAVATÁ,68
68327,GÜEPSA - SANTANDER,NA,6.02638642861,-73.5713144981,SANTANDER,GÜEPSA,68
68344,HATO - SANTANDER,NA,6.54294063601,-73.3081130581,SANTANDER,HATO,68
68368,JESÚS MARÍA - SANTANDER,NA,5.87653148988,-73.7827825923,SANTANDER,JESÚS MARÍA,68
68370,JORDÁN - SANTANDER,NA,6.73245858931,-73.0967324977,SANTANDER,JORDÁN,68
68377,LA BELLEZA - SANTANDER,NA,5.8996357605013,-74.03202752283129,SANTANDER,LA BELLEZA,68
68385,LANDÁZURI - SANTANDER,NA,6.30674349345,-73.8291249154,SANTANDER,LANDÁZURI,68
68397,LA PAZ - SANTANDER,NA,6.186454388705,-73.6140138089309,SANTANDER,LA PAZ,68
68406,LEBRIJA - SANTANDER,NA,7.226206744477434,-73.28552299670609,SANTANDER,LEBRIJA,68
68418,LOS SANTOS - SANTANDER,NA,6.7840227674714,-73.10492536849071,SANTANDER,LOS SANTOS,68
68425,MACARAVITA - SANTANDER,NA,6.512868756885714,-72.58206785575715,SANTANDER,MACARAVITA,68
68432,MÁLAGA - SANTANDER,NA,6.711128087920001,-72.7352058136,SANTANDER,MÁLAGA,68
68444,MATANZA - SANTANDER,NA,7.346928199320001,-73.0559870941,SANTANDER,MATANZA,68
68464,MOGOTES - SANTANDER,NA,6.5484597292433335,-72.9473957875,SANTANDER,MOGOTES,68
68468,MOLAGAVITA - SANTANDER,NA,6.656596893245,-72.80577785525,SANTANDER,MOLAGAVITA,68
68498,OCAMONTE - SANTANDER,NA,6.34033572084,-73.1220464417,SANTANDER,OCAMONTE,68
68500,OIBA - SANTANDER,NA,6.2460202879299995,-73.28986512944999,SANTANDER,OIBA,68
68502,ONZAGA - SANTANDER,NA,6.3707280354,-72.80175973557499,SANTANDER,ONZAGA,68
68522,PALMAR - SANTANDER,NA,6.53793539808,-73.2911184755,SANTANDER,PALMAR,68
68524,PALMAS DEL SOCORRO - SANTANDER,NA,6.40592838695,-73.2879527096,SANTANDER,PALMAS DEL SOCORRO,68
68533,PÁRAMO - SANTANDER,NA,6.41653497873,-73.1702915815,SANTANDER,PÁRAMO,68
68547,PIEDECUESTA - SANTANDER,NA,6.962058164472133,-73.01209030910125,SANTANDER,PIEDECUESTA,68
68549,PINCHOTE - SANTANDER,NA,6.523464130881,-73.17408286494715,SANTANDER,PINCHOTE,68
68572,PUENTE NACIONAL - SANTANDER,NA,5.840228999184,-73.67859876014,SANTANDER,PUENTE NACIONAL,68
68573,PUERTO PARRA - SANTANDER,NA,6.678334205946,-73.97783962736146,SANTANDER,PUERTO PARRA,68
68575,PUERTO WILCHES - SANTANDER,NA,7.524697295497796,-73.81881439070075,SANTANDER,PUERTO WILCHES,68
68615,RIONEGRO - SANTANDER,NA,7.488805205793,-73.41168401502,SANTANDER,RIONEGRO,68
68655,SABANA DE TORRES - SANTANDER,NA,7.401480855573626,-73.56107184071183,SANTANDER,SABANA DE TORRES,68
68669,SAN ANDRÉS - SANTANDER,NA,6.75943319524,-72.83629937090001,SANTANDER,SAN ANDRÉS,68
68673,SAN BENITO - SANTANDER,NA,6.1106517483025,-73.51519335025,SANTANDER,SAN BENITO,68
68679,SAN GIL - SANTANDER,NA,6.54927262478,-73.1285702201,SANTANDER,SAN GIL,68
68682,SAN JOAQUÍN - SANTANDER,NA,6.4892729111800005,-72.8495093328,SANTANDER,SAN JOAQUÍN,68
68684,SAN JOSÉ DE MIRANDA - SANTANDER,NA,6.6440313393255,-72.73657316811715,SANTANDER,SAN JOSÉ DE MIRANDA,68
68686,SAN MIGUEL - SANTANDER,NA,6.57664344984,-72.646501116,SANTANDER,SAN MIGUEL,68
68689,SAN VICENTE DE CHUCURÍ - SANTANDER,NA,6.89081612478235,-73.50823327073408,SANTANDER,SAN VICENTE DE CHUCURÍ,68
68705,SANTA BÁRBARA - SANTANDER,NA,6.99054129659,-72.9066829394,SANTANDER,SANTA BÁRBARA,68
68720,SANTA HELENA DEL OPÓN - SANTANDER,NA,6.372301826256,-73.60275345021999,SANTANDER,SANTA HELENA DEL OPÓN,68
68745,SIMACOTA - SANTANDER,NA,6.54546344346664,-73.52687304172032,SANTANDER,SIMACOTA,68
68755,SOCORRO - SANTANDER,NA,6.4628893976472,-73.25274569329696,SANTANDER,SOCORRO,68
68770,SUAITA - SANTANDER,NA,6.119597313746,-73.40124746926,SANTANDER,SUAITA,68
68773,SUCRE - SANTANDER,NA,5.9445491195981335,-73.9083347703687,SANTANDER,SUCRE,68
68780,SURATÁ - SANTANDER,NA,7.45014558814,-73.00682727203333,SANTANDER,SURATÁ,68
68820,TONA - SANTANDER,NA,7.174599250025025,-72.95273615626162,SANTANDER,TONA,68
68855,VALLE DE SAN JOSÉ - SANTANDER,NA,6.44800947449,-73.1435767141,SANTANDER,VALLE DE SAN JOSÉ,68
68861,VÉLEZ - SANTANDER,NA,6.1445112680503,-73.69999164510973,SANTANDER,VÉLEZ,68
68867,VETAS - SANTANDER,NA,7.30938136063,-72.8707413209,SANTANDER,VETAS,68
68872,VILLANUEVA - SANTANDER,NA,6.66929215486,-73.1735022672,SANTANDER,VILLANUEVA,68
68895,ZAPATOCA - SANTANDER,NA,6.76034536294,-73.27559837005,SANTANDER,ZAPATOCA,68
70001,SINCELEJO - SUCRE,NA,9.293332025123949,-75.43845424451538,SUCRE,SINCELEJO,70
70110,BUENAVISTA - SUCRE,NA,9.339818407195601,-74.9561253685881,SUCRE,BUENAVISTA,70
70124,CAIMITO - SUCRE,NA,8.790959251463299,-75.13465325149404,SUCRE,CAIMITO,70
70204,COLOSÓ - SUCRE,NA,9.524597072468184,-75.3665653210963,SUCRE,COLOSÓ,70
70215,COROZAL - SUCRE,NA,9.24039730346793,-75.28362150882276,SUCRE,COROZAL,70
70221,COVEÑAS - SUCRE,NA,9.390696820558533,-75.66508359561907,SUCRE,COVEÑAS,70
70230,CHALÁN - SUCRE,NA,9.56627585952887,-75.31823116174506,SUCRE,CHALÁN,70
70233,EL ROBLE - SUCRE,NA,9.078532118110715,-75.11689874423571,SUCRE,EL ROBLE,70
70235,GALERAS - SUCRE,NA,9.117423667256444,-74.95562646417822,SUCRE,GALERAS,70
70265,GUARANDA - SUCRE,NA,8.381452949185519,-74.67556922471096,SUCRE,GUARANDA,70
70400,LA UNIÓN - SUCRE,NA,8.808360157108439,-75.2900313029021,SUCRE,LA UNIÓN,70
70418,LOS PALMITOS - SUCRE,NA,9.411153125037163,-75.21484552837404,SUCRE,LOS PALMITOS,70
70429,MAJAGUAL - SUCRE,NA,8.563249699118305,-74.70757051037467,SUCRE,MAJAGUAL,70
70473,MORROA - SUCRE,NA,9.379102635250083,-75.322328724089,SUCRE,MORROA,70
70508,OVEJAS - SUCRE,NA,9.54941951037209,-75.19031129253436,SUCRE,OVEJAS,70
70523,PALMITO - SUCRE,NA,9.334602312007886,-75.56088978539408,SUCRE,PALMITO,70
70670,SAMPUÉS - SUCRE,NA,9.169602337631307,-75.35194290257562,SUCRE,SAMPUÉS,70
70678,SAN BENITO ABAD - SUCRE,NA,8.895484521367756,-74.97770388704468,SUCRE,SAN BENITO ABAD,70
70702,SAN JUAN DE BETULIA - SUCRE,NA,9.278817536748182,-75.22314094836565,SUCRE,SAN JUAN DE BETULIA,70
70708,SAN MARCOS - SUCRE,NA,8.621472273358837,-75.19823320971142,SUCRE,SAN MARCOS,70
70713,SAN ONOFRE - SUCRE,NA,9.823450848402084,-75.5265582181253,SUCRE,SAN ONOFRE,70
70717,SAN PEDRO - SUCRE,NA,9.386085277872636,-75.04103161689888,SUCRE,SAN PEDRO,70
70742,SAN LUIS DE SINCÉ - SUCRE,NA,9.243080502765924,-75.09003194992098,SUCRE,SAN LUIS DE SINCÉ,70
70771,SUCRE - SUCRE,NA,8.85829356002625,-74.71853712703125,SUCRE,SUCRE,70
70820,SANTIAGO DE TOLÚ - SUCRE,NA,9.533455377156667,-75.53787736476667,SUCRE,SANTIAGO DE TOLÚ,70
70823,TOLÚ VIEJO - SUCRE,NA,9.457792451402447,-75.43103793109452,SUCRE,TOLÚ VIEJO,70
73001,IBAGUÉ - TOLIMA,NA,4.434694601950806,-75.21638108565423,TOLIMA,IBAGUÉ,73
73024,ALPUJARRA - TOLIMA,NA,3.42878794863,-74.9038610283,TOLIMA,ALPUJARRA,73
73026,ALVARADO - TOLIMA,NA,4.586303631856667,-74.98497326776666,TOLIMA,ALVARADO,73
73030,AMBALEMA - TOLIMA,NA,4.818717104522,-74.79312498562,TOLIMA,AMBALEMA,73
73043,ANZOÁTEGUI - TOLIMA,NA,4.624402574915,-75.099763426225,TOLIMA,ANZOÁTEGUI,73
73055,ARMERO - TOLIMA,NA,5.060187300953333,-74.88014115840001,TOLIMA,ARMERO,73
73067,ATACO - TOLIMA,NA,3.3859134019065498,-75.56068752434132,TOLIMA,ATACO,73
73124,CAJAMARCA - TOLIMA,NA,4.4140270405606,-75.4586772915881,TOLIMA,CAJAMARCA,73
73148,CARMEN DE APICALÁ - TOLIMA,NA,4.14664309207,-74.7233312429,TOLIMA,CARMEN DE APICALÁ,73
73152,CASABIANCA - TOLIMA,NA,5.091737451149999,-75.08803638715,TOLIMA,CASABIANCA,73
73168,CHAPARRAL - TOLIMA,NA,3.688959194606,-75.57449093536,TOLIMA,CHAPARRAL,73
73200,COELLO - TOLIMA,NA,4.32164328023375,-74.916646943,TOLIMA,COELLO,73
73217,COYAIMA - TOLIMA,NA,3.7537063159236332,-75.1215825799176,TOLIMA,COYAIMA,73
73226,CUNDAY - TOLIMA,NA,3.984791231025714,-74.67506671765715,TOLIMA,CUNDAY,73
73236,DOLORES - TOLIMA,NA,3.6203447004716667,-74.8120838979,TOLIMA,DOLORES,73
73268,ESPINAL - TOLIMA,NA,4.18324541106,-74.94764864813334,TOLIMA,ESPINAL,73
73270,FALAN - TOLIMA,NA,5.09109642305,-74.98030755333333,TOLIMA,FALAN,73
73275,FLANDES - TOLIMA,NA,4.250869818530401,-74.83180497442356,TOLIMA,FLANDES,73
73283,FRESNO - TOLIMA,NA,5.19473176474695,-75.06215324550182,TOLIMA,FRESNO,73
73319,GUAMO - TOLIMA,NA,4.06586359108,-74.96417777893333,TOLIMA,GUAMO,73
73347,HERVEO - TOLIMA,NA,5.0992335967075,-75.21118479820001,TOLIMA,HERVEO,73
73349,HONDA - TOLIMA,NA,5.243161137815,-74.7404545775,TOLIMA,HONDA,73
73352,ICONONZO - TOLIMA,NA,4.12586456791815,-74.54256799627456,TOLIMA,ICONONZO,73
73408,LÉRIDA - TOLIMA,NA,4.840061469532,-74.92725340448,TOLIMA,LÉRIDA,73
73411,LÍBANO - TOLIMA,NA,4.87277686625,-75.04019897993334,TOLIMA,LÍBANO,73
73443,SAN SEBASTIÁN DE MARIQUITA - TOLIMA,NA,5.23828505205625,-74.9159723277375,TOLIMA,SAN SEBASTIÁN DE MARIQUITA,73
73449,MELGAR - TOLIMA,NA,4.191888018802072,-74.61905654787917,TOLIMA,MELGAR,73
73461,MURILLO - TOLIMA,NA,4.81966271694,-75.1501264941,TOLIMA,MURILLO,73
73483,NATAGAIMA - TOLIMA,NA,3.5265780396704,-75.12559778661343,TOLIMA,NATAGAIMA,73
73504,ORTEGA - TOLIMA,NA,3.9135131089424857,-75.24883407631602,TOLIMA,ORTEGA,73
73520,PALOCABILDO - TOLIMA,NA,5.10064646051345,-75.01967410157866,TOLIMA,PALOCABILDO,73
73547,PIEDRAS - TOLIMA,NA,4.454451927048,-74.96993326458,TOLIMA,PIEDRAS,73
73555,PLANADAS - TOLIMA,NA,3.17972244419,-75.67185825628749,TOLIMA,PLANADAS,73
73563,PRADO - TOLIMA,NA,3.7454320418733333,-74.8301070508,TOLIMA,PRADO,73
73585,PURIFICACIÓN - TOLIMA,NA,3.85865919706,-74.90147095364445,TOLIMA,PURIFICACIÓN,73
73616,RIOBLANCO - TOLIMA,NA,3.4415801429981716,-75.7955721915282,TOLIMA,RIOBLANCO,73
73622,RONCESVALLES - TOLIMA,NA,4.07748931011,-75.56624758243333,TOLIMA,RONCESVALLES,73
73624,ROVIRA - TOLIMA,NA,4.172925428972222,-75.33454882271111,TOLIMA,ROVIRA,73
73671,SALDAÑA - TOLIMA,NA,3.903309283054,-75.01875136193999,TOLIMA,SALDAÑA,73
73675,SAN ANTONIO - TOLIMA,NA,3.9736225096725,-75.464605665225,TOLIMA,SAN ANTONIO,73
73678,SAN LUIS - TOLIMA,NA,4.2162698354,-75.09733543945,TOLIMA,SAN LUIS,73
73686,SANTA ISABEL - TOLIMA,NA,4.739982720196667,-75.0662941301,TOLIMA,SANTA ISABEL,73
73770,SUÁREZ - TOLIMA,NA,4.0086806602608,-74.83348519370244,TOLIMA,SUÁREZ,73
73854,VALLE DE SAN JUAN - TOLIMA,NA,4.19748503246,-75.1155895489,TOLIMA,VALLE DE SAN JUAN,73
73861,VENADILLO - TOLIMA,NA,4.729897234794,-74.94233403152,TOLIMA,VENADILLO,73
73870,VILLAHERMOSA - TOLIMA,NA,5.03029544523,-75.117789876,TOLIMA,VILLAHERMOSA,73
73873,VILLARRICA - TOLIMA,NA,3.9035568300575,-74.61876150455001,TOLIMA,VILLARRICA,73
76001,CALI - VALLE DEL CAUCA,Santiago de Cali|Cali Valle,3.4065958420696165,-76.56580990494098,VALLE DEL CAUCA,CALI,76
76020,ALCALÁ - VALLE DEL CAUCA,NA,4.6774584647005,-75.77446995610784,VALLE DEL CAUCA,ALCALÁ,76
76036,ANDALUCÍA - VALLE DEL CAUCA,NA,4.1672477888477,-76.1917755237955,VALLE DEL CAUCA,ANDALUCÍA,76
76041,ANSERMANUEVO - VALLE DEL CAUCA,NA,4.8083260453516665,-76.01862128303333,VALLE DEL CAUCA,ANSERMANUEVO,76
76054,ARGELIA - VALLE DEL CAUCA,NA,4.72855770694,-76.1415246956,VALLE DEL CAUCA,ARGELIA,76
76100,BOLÍVAR - VALLE DEL CAUCA,NA,4.355658099524167,-76.27013312700834,VALLE DEL CAUCA,BOLÍVAR,76
76109,BUENAVENTURA - VALLE DEL CAUCA,NA,3.591177796237045,-77.13832153016169,VALLE DEL CAUCA,BUENAVENTURA,76
76111,GUADALAJARA DE BUGA - VALLE DEL CAUCA,NA,3.8896650761284213,-76.26588829272106,VALLE DEL CAUCA,GUADALAJARA DE BUGA,76
76113,BUGALAGRANDE - VALLE DEL CAUCA,NA,4.208487486315,-76.0951079359125,VALLE DEL CAUCA,BUGALAGRANDE,76
76122,CAICEDONIA - VALLE DEL CAUCA,NA,4.31308614862392,-75.83618494856768,VALLE DEL CAUCA,CAICEDONIA,76
76126,CALIMA - VALLE DEL CAUCA,NA,3.94928071604984,-76.56506624348437,VALLE DEL CAUCA,CALIMA,76
76130,CANDELARIA - VALLE DEL CAUCA,NA,3.3890999766688887,-76.39085522512592,VALLE DEL CAUCA,CANDELARIA,76
76147,CARTAGO - VALLE DEL CAUCA,NA,4.72252475078,-75.9357886635,VALLE DEL CAUCA,CARTAGO,76
76233,DAGUA - VALLE DEL CAUCA,NA,3.6481553808984732,-76.6985169681495,VALLE DEL CAUCA,DAGUA,76
76243,EL ÁGUILA - VALLE DEL CAUCA,NA,4.909132077134286,-76.04614817595714,VALLE DEL CAUCA,EL ÁGUILA,76
76246,EL CAIRO - VALLE DEL CAUCA,NA,4.770612325855,-76.1982169063,VALLE DEL CAUCA,EL CAIRO,76
76248,EL CERRITO - VALLE DEL CAUCA,NA,3.6600534802,-76.21645249496,VALLE DEL CAUCA,EL CERRITO,76
76250,EL DOVIO - VALLE DEL CAUCA,NA,4.525462332522743,-76.2986962374148,VALLE DEL CAUCA,EL DOVIO,76
76275,FLORIDA - VALLE DEL CAUCA,NA,3.3043979758053847,-76.24238738166154,VALLE DEL CAUCA,FLORIDA,76
76306,GINEBRA - VALLE DEL CAUCA,NA,3.726824309526,-76.26346633966,VALLE DEL CAUCA,GINEBRA,76
76318,GUACARÍ - VALLE DEL CAUCA,NA,3.781839421788875,-76.2999641838863,VALLE DEL CAUCA,GUACARÍ,76
76364,JAMUNDÍ - VALLE DEL CAUCA,NA,3.2050797784796847,-76.5918736704362,VALLE DEL CAUCA,JAMUNDÍ,76
76377,LA CUMBRE - VALLE DEL CAUCA,NA,3.663285426811791,-76.59402826538273,VALLE DEL CAUCA,LA CUMBRE,76
76400,LA UNIÓN - VALLE DEL CAUCA,NA,4.5415789168566665,-76.11241234802222,VALLE DEL CAUCA,LA UNIÓN,76
76403,LA VICTORIA - VALLE DEL CAUCA,NA,4.505005940311428,-75.97111543828572,VALLE DEL CAUCA,LA VICTORIA,76
76497,OBANDO - VALLE DEL CAUCA,NA,4.60787715398,-75.9532921799125,VALLE DEL CAUCA,OBANDO,76
76520,PALMIRA - VALLE DEL CAUCA,NA,3.5456771025705467,-76.29470941591414,VALLE DEL CAUCA,PALMIRA,76
76563,PRADERA - VALLE DEL CAUCA,NA,3.4085278425144443,-76.22454411004445,VALLE DEL CAUCA,PRADERA,76
76606,RESTREPO - VALLE DEL CAUCA,NA,3.807434339128367,-76.5518496677343,VALLE DEL CAUCA,RESTREPO,76
76616,RIOFRÍO - VALLE DEL CAUCA,NA,4.112833899681031,-76.35698635732889,VALLE DEL CAUCA,RIOFRÍO,76
76622,ROLDANILLO - VALLE DEL CAUCA,NA,4.44127744972125,-76.1510119529375,VALLE DEL CAUCA,ROLDANILLO,76
76670,SAN PEDRO - VALLE DEL CAUCA,NA,3.9852664938857143,-76.23526103435715,VALLE DEL CAUCA,SAN PEDRO,76
76736,SEVILLA - VALLE DEL CAUCA,NA,4.286206061405543,-75.91297668804619,VALLE DEL CAUCA,SEVILLA,76
76823,TORO - VALLE DEL CAUCA,NA,4.629703166373334,-76.06620687043333,VALLE DEL CAUCA,TORO,76
76828,TRUJILLO - VALLE DEL CAUCA,NA,4.219058404489443,-76.328838751414,VALLE DEL CAUCA,TRUJILLO,76
76834,TULUÁ - VALLE DEL CAUCA,NA,4.065859773869865,-76.13687705639762,VALLE DEL CAUCA,TULUÁ,76
76845,ULLOA - VALLE DEL CAUCA,NA,4.7056542854700005,-75.7672452142,VALLE DEL CAUCA,ULLOA,76
76863,VERSALLES - VALLE DEL CAUCA,NA,4.613887865751429,-76.19201679647142,VALLE DEL CAUCA,VERSALLES,76
76869,VIJES - VALLE DEL CAUCA,NA,3.7473660338542856,-76.46892646047142,VALLE DEL CAUCA,VIJES,76
76890,YOTOCO - VALLE DEL CAUCA,NA,3.917708202369091,-76.38808922241817,VALLE DEL CAUCA,YOTOCO,76
76892,YUMBO - VALLE DEL CAUCA,NA,3.592442113921607,-76.51312689798584,VALLE DEL CAUCA,YUMBO,76
76895,ZARZAL - VALLE DEL CAUCA,NA,4.37534403569,-76.0024916532,VALLE DEL CAUCA,ZARZAL,76
81001,ARAUCA - ARAUCA,NA,6.916005266961883,-70.54731266103019,ARAUCA,ARAUCA,81
81065,ARAUQUITA - ARAUCA,NA,6.8609873379199255,-71.36560726315174,ARAUCA,ARAUQUITA,81
81220,CRAVO NORTE - ARAUCA,NA,6.30339369864,-70.2035675603,ARAUCA,CRAVO NORTE,81
81300,FORTUL - ARAUCA,NA,6.7372103815106374,-71.80794122043912,ARAUCA,FORTUL,81
81591,PUERTO RONDÓN - ARAUCA,NA,6.28786436698,-71.16486303184999,ARAUCA,PUERTO RONDÓN,81
81736,SARAVENA - ARAUCA,NA,6.923849831715356,-71.83883946993659,ARAUCA,SARAVENA,81
81794,TAME - ARAUCA,NA,6.413551660187494,-71.7094632726069,ARAUCA,TAME,81
85001,YOPAL - CASANARE,NA,5.27091180068099,-72.3162339986489,CASANARE,YOPAL,85
85010,AGUAZUL - CASANARE,NA,5.1455791205603,-72.5567725185668,CASANARE,AGUAZUL,85
85015,CHÁMEZA - CASANARE,NA,5.21462671788,-72.8698899916,CASANARE,CHÁMEZA,85
85125,HATO COROZAL - CASANARE,NA,6.0600849628521996,-71.4824832245755,CASANARE,HATO COROZAL,85
85136,LA SALINA - CASANARE,NA,6.1278203601,-72.3339677886,CASANARE,LA SALINA,85
85139,MANÍ - CASANARE,NA,4.684617825986617,-72.18247894672032,CASANARE,MANÍ,85
85162,MONTERREY - CASANARE,NA,4.844645468904943,-72.88104957163975,CASANARE,MONTERREY,85
85225,NUNCHÍA - CASANARE,NA,5.58453668041,-72.14693484215,CASANARE,NUNCHÍA,85
85230,OROCUÉ - CASANARE,NA,4.9054193385230995,-71.60506572223684,CASANARE,OROCUÉ,85
85250,PAZ DE ARIPORO - CASANARE,NA,5.796282639441075,-71.12919172421965,CASANARE,PAZ DE ARIPORO,85
85263,PORE - CASANARE,NA,5.72676620203,-71.992392808100007,CASANARE,PORE,85
85279,RECETOR - CASANARE,NA,5.2461070050299,-72.76586304568485,CASANARE,RECETOR,85
85300,SABANALARGA - CASANARE,NA,4.807076118966666,-73.0363258287,CASANARE,SABANALARGA,85
85315,SÁCAMA - CASANARE,NA,6.09789911488,-72.2488935738,CASANARE,SÁCAMA,85
85325,SAN LUIS DE PALENQUE - CASANARE,NA,5.2352130933948,-71.47791274148635,CASANARE,SAN LUIS DE PALENQUE,85
85400,TÁMARA - CASANARE,NA,5.835203489393333,-72.11243742533333,CASANARE,TÁMARA,85
85410,TAURAMENA - CASANARE,NA,4.76045365926966,-72.65278421106152,CASANARE,TAURAMENA,85
85430,TRINIDAD - CASANARE,NA,5.32337658496152,-71.17763949381651,CASANARE,TRINIDAD,85
85440,VILLANUEVA - CASANARE,NA,4.5287430981625,-72.81386196265001,CASANARE,VILLANUEVA,85
86001,MOCOA - PUTUMAYO,NA,1.1861173116509818,-76.65855241846509,PUTUMAYO,MOCOA,86
86219,COLÓN - PUTUMAYO,NA,1.2125348945529,-76.96132148799975,PUTUMAYO,COLÓN,86
86320,ORITO - PUTUMAYO,NA,0.67324842965525,-76.93364528695204,PUTUMAYO,ORITO,86
86568,PUERTO ASÍS - PUTUMAYO,NA,0.46201594280141817,-76.46031070151176,PUTUMAYO,PUERTO ASÍS,86
86569,PUERTO CAICEDO - PUTUMAYO,NA,0.68927760232962,-76.55609209508974,PUTUMAYO,PUERTO CAICEDO,86
86571,PUERTO GUZMÁN - PUTUMAYO,NA,0.8806439818131143,-76.03000418367765,PUTUMAYO,PUERTO GUZMÁN,86
86573,PUERTO LEGUÍZAMO - PUTUMAYO,NA,0.05455975481601818,-75.11218513927273,PUTUMAYO,PUERTO LEGUÍZAMO,86
86749,SIBUNDOY - PUTUMAYO,NA,1.222331476262,-76.9151289520918,PUTUMAYO,SIBUNDOY,86
86755,SAN FRANCISCO - PUTUMAYO,NA,1.15915024251995,-76.85320993012195,PUTUMAYO,SAN FRANCISCO,86
86757,SAN MIGUEL - PUTUMAYO,NA,0.3010498323369154,-76.86238256000524,PUTUMAYO,SAN MIGUEL,86
86760,SANTIAGO - PUTUMAYO,NA,1.13829411444,-76.99711718875,PUTUMAYO,SANTIAGO,86
86865,VALLE DEL GUAMUEZ - PUTUMAYO,NA,0.413469986561375,-76.88198578317672,PUTUMAYO,VALLE DEL GUAMUEZ,86
86885,VILLAGARZÓN - PUTUMAYO,NA,0.90543407792244,-76.70289171043846,PUTUMAYO,VILLAGARZÓN,86
88001,"SAN ANDRÉS - ARCHIPIÉLAGO DE SAN ANDRÉS, PROVIDENCIA Y",NA,12.553664166363175,-81.71085707316246,"ARCHIPIÉLAGO DE SAN ANDRÉS, PROVIDENCIA Y",SAN ANDRÉS,88
88564,"PROVIDENCIA - ARCHIPIÉLAGO DE SAN ANDRÉS, PROVIDENCIA Y",NA,13.353482213271429,-81.3783836895,"ARCHIPIÉLAGO DE SAN ANDRÉS, PROVIDENCIA Y",PROVIDENCIA,88
91001,LETICIA - AMAZONAS,NA,-3.6286779432508434,-70.05566301585021,AMAZONAS,LETICIA,91
91263,EL ENCANTO - AMAZONAS,NA,-1.9972407698593,-72.7236775152618,AMAZONAS,EL ENCANTO,91
91405,LA CHORRERA - AMAZONAS,NA,-1.2404731998549,-72.7606267761654,AMAZONAS,LA CHORRERA,91
91407,LA PEDRERA - AMAZONAS,NA,-1.4271219128895,-70.0383136816334,AMAZONAS,LA PEDRERA,91
91430,LA VICTORIA - AMAZONAS,NA,-0.1250162215811,-71.1048789152368,AMAZONAS,LA VICTORIA,91
91460,MIRITÍ - PARANÁ - AMAZONAS,NA,-0.6870310023038,-71.1855476576424,AMAZONAS,MIRITÍ - PARANÁ,91
91530,PUERTO ALEGRÍA - AMAZONAS,NA,-0.9521385983484,-73.7572668802448,AMAZONAS,PUERTO ALEGRÍA,91
91536,PUERTO ARICA - AMAZONAS,NA,-1.9108737575791,-71.1484085320741,AMAZONAS,PUERTO ARICA,91
91540,PUERTO NARIÑO - AMAZONAS,NA,-3.6463556119118667,-70.46353158794115,AMAZONAS,PUERTO NARIÑO,91
91669,PUERTO SANTANDER - AMAZONAS,NA,-1.1010419460464,-71.9389897300796,AMAZONAS,PUERTO SANTANDER,91
91798,TARAPACÁ - AMAZONAS,NA,-2.4517877802874,-70.0065211718529,AMAZONAS,TARAPACÁ,91
94001,INÍRIDA - GUAINÍA,NA,3.6973524434424,-68.05013039259549,GUAINÍA,INÍRIDA,94
94343,BARRANCO MINAS - GUAINÍA,NA,3.31238003154795,-69.39788097081791,GUAINÍA,BARRANCO MINAS,94
94663,MAPIRIPANA - GUAINÍA,NA,2.87505128464705,-70.20342630330775,GUAINÍA,MAPIRIPANA,94
94883,SAN FELIPE - GUAINÍA,NA,2.1558892409572,-67.3398520668658,GUAINÍA,SAN FELIPE,94
94884,PUERTO COLOMBIA - GUAINÍA,NA,2.5447470874544003,-68.2369729433626,GUAINÍA,PUERTO COLOMBIA,94
94885,LA GUADALUPE - GUAINÍA,NA,1.4045336333634,-67.0015167616364,GUAINÍA,LA GUADALUPE,94
94886,CACAHUAL - GUAINÍA,NA,3.3861515793757,-67.5850914727754,GUAINÍA,CACAHUAL,94
94887,PANA PANA - GUAINÍA,NA,1.9772318719787334,-69.11809674625603,GUAINÍA,PANA PANA,94
94888,MORICHAL - GUAINÍA,NA,2.4214560441858,-69.8400442100505,GUAINÍA,MORICHAL,94
95001,SAN JOSÉ DEL GUAVIARE - GUAVIARE,NA,2.484391696596333,-72.10700376181502,GUAVIARE,SAN JOSÉ DEL GUAVIARE,95
95015,CALAMAR - GUAVIARE,NA,1.7286066291032667,-72.90782860866446,GUAVIARE,CALAMAR,95
95025,EL RETORNO - GUAVIARE,NA,2.147711462501708,-72.10670101960375,GUAVIARE,EL RETORNO,95
95200,MIRAFLORES - GUAVIARE,NA,1.3743335075052083,-72.03886743569583,GUAVIARE,MIRAFLORES,95
97001,MITÚ - VAUPÉS,NA,1.0435543682987818,-70.3535849813516,VAUPÉS,MITÚ,97
97161,CARURÚ - VAUPÉS,NA,1.01130519127,-71.2936075006,VAUPÉS,CARURÚ,97
97511,PACOA - VAUPÉS,NA,0.1947752371697,-70.9364645513184,VAUPÉS,PACOA,97
97666,TARAIRA - VAUPÉS,NA,-0.6422157110165,-69.76804473845,VAUPÉS,TARAIRA,97
97777,PAPUNAHUA - VAUPÉS,NA,1.6816267538062,-70.706219559636,VAUPÉS,PAPUNAHUA,97
97889,YAVARATÉ - VAUPÉS,NA,0.8306671469572,-69.61730554328994,VAUPÉS,YAVARATÉ,97
99001,PUERTO CARREÑO - VICHADA,NA,5.860757684927313,-67.99729367827375,VICHADA,PUERTO CARREÑO,99
99524,LA PRIMAVERA - VICHADA,NA,5.526092276331667,-69.863947557,VICHADA,LA PRIMAVERA,99
99624,SANTA ROSALÍA - VICHADA,NA,4.99286057942,-70.95047109194999,VICHADA,SANTA ROSALÍA,99
99773,CUMARIBO - VICHADA,NA,4.310961549071741,-69.65055768559883,VICHADA,CUMARIBO,99
